Date,Start (ET),Visitor/Neutral,PTS,Home/Neutral,PTS,,,Attend.,LOG,Arena,Notes
Tue Oct 21 2025,7:30p,Houston Rockets,124,Oklahoma City Thunder,125,Box Score,2OT,18203,3:15,Paycom Center,
Tue Oct 21 2025,10:00p,Golden State Warriors,119,Los Angeles Lakers,109,Box Score,,18997,2:26,Crypto.com Arena,
Wed Oct 22 2025,7:00p,Brooklyn Nets,117,Charlotte Hornets,136,Box Score,,19516,2:28,Spectrum Center,
Wed Oct 22 2025,7:00p,Cleveland Cavaliers,111,New York Knicks,119,Box Score,,19812,2:28,Madison Square Garden (IV),
Wed Oct 22 2025,7:00p,Miami Heat,121,Orlando Magic,125,Box Score,,19186,2:26,Kia Center,
Wed Oct 22 2025,7:30p,Philadelphia 76ers,117,Boston Celtics,116,Box Score,,19156,2:28,TD Garden,
Wed Oct 22 2025,7:30p,Toronto Raptors,138,Atlanta Hawks,118,Box Score,,17811,2:26,State Farm Arena,
Wed Oct 22 2025,8:00p,Detroit Pistons,111,Chicago Bulls,115,Box Score,,21381,2:29,United Center,
Wed Oct 22 2025,8:00p,New Orleans Pelicans,122,Memphis Grizzlies,128,Box Score,,17794,2:35,FedExForum,
Wed Oct 22 2025,8:00p,Washington Wizards,120,Milwaukee Bucks,133,Box Score,,17341,2:13,Fiserv Forum,
Wed Oct 22 2025,9:00p,Los Angeles Clippers,108,Utah Jazz,129,Box Score,,18186,2:15,Delta Center,
Wed Oct 22 2025,9:30p,San Antonio Spurs,125,Dallas Mavericks,92,Box Score,,20122,2:26,American Airlines Center,
Wed Oct 22 2025,10:00p,Minnesota Timberwolves,118,Portland Trail Blazers,114,Box Score,,19335,2:21,Moda Center,
Wed Oct 22 2025,10:00p,Sacramento Kings,116,Phoenix Suns,120,Box Score,,17071,2:25,Mortgage Matchup Center,
Thu Oct 23 2025,7:30p,Oklahoma City Thunder,141,Indiana Pacers,135,Box Score,2OT,17274,3:13,Gainbridge Fieldhouse,
Thu Oct 23 2025,10:00p,Denver Nuggets,131,Golden State Warriors,137,Box Score,OT,18064,2:28,Chase Center,
Fri Oct 24 2025,6:30p,Milwaukee Bucks,122,Toronto Raptors,116,Box Score,,19615,2:25,Scotiabank Arena,
Fri Oct 24 2025,7:00p,Atlanta Hawks,111,Orlando Magic,107,Box Score,,18004,2:29,Kia Center,
Fri Oct 24 2025,7:30p,Cleveland Cavaliers,131,Brooklyn Nets,124,Box Score,,17548,2:24,Barclays Center,
Fri Oct 24 2025,7:30p,Boston Celtics,95,New York Knicks,105,Box Score,,19812,2:22,Madison Square Garden (IV),
Fri Oct 24 2025,8:00p,Detroit Pistons,115,Houston Rockets,111,Box Score,,18055,2:44,Toyota Center,
Fri Oct 24 2025,8:00p,San Antonio Spurs,120,New Orleans Pelicans,116,Box Score,OT,18363,2:43,Smoothie King Center,
Fri Oct 24 2025,8:00p,Miami Heat,146,Memphis Grizzlies,114,Box Score,,14641,2:09,FedExForum,
Fri Oct 24 2025,8:30p,Washington Wizards,117,Dallas Mavericks,107,Box Score,,19225,2:22,American Airlines Center,
Fri Oct 24 2025,10:00p,Minnesota Timberwolves,110,Los Angeles Lakers,128,Box Score,,18642,2:26,Crypto.com Arena,
Fri Oct 24 2025,10:00p,Golden State Warriors,119,Portland Trail Blazers,139,Box Score,,18090,2:22,Moda Center,
Fri Oct 24 2025,10:00p,Utah Jazz,104,Sacramento Kings,105,Box Score,,17832,2:12,Golden 1 Center,
Fri Oct 24 2025,10:30p,Phoenix Suns,102,Los Angeles Clippers,129,Box Score,,17927,2:19,Intuit Dome,
Sat Oct 25 2025,7:00p,Chicago Bulls,110,Orlando Magic,98,Box Score,,19117,2:18,Kia Center,
Sat Oct 25 2025,7:30p,Oklahoma City Thunder,117,Atlanta Hawks,100,Box Score,,16450,2:13,State Farm Arena,
Sat Oct 25 2025,7:30p,Charlotte Hornets,121,Philadelphia 76ers,125,Box Score,,19124,2:29,Xfinity Mobile Arena,
Sat Oct 25 2025,8:00p,Indiana Pacers,103,Memphis Grizzlies,128,Box Score,,15441,2:16,FedExForum,
Sat Oct 25 2025,9:00p,Phoenix Suns,111,Denver Nuggets,133,Box Score,,20025,2:24,Ball Arena,
Sun Oct 26 2025,2:00p,Brooklyn Nets,107,San Antonio Spurs,118,Box Score,,19016,2:33,Frost Bank Center,
Sun Oct 26 2025,3:30p,Boston Celtics,113,Detroit Pistons,119,Box Score,,20062,2:45,Little Caesars Arena,
Sun Oct 26 2025,6:00p,Charlotte Hornets,139,Washington Wizards,113,Box Score,,16307,2:26,Capital One Arena,
Sun Oct 26 2025,6:00p,New York Knicks,107,Miami Heat,115,Box Score,,19600,2:21,Kaseya Center,
Sun Oct 26 2025,6:00p,Milwaukee Bucks,113,Cleveland Cavaliers,118,Box Score,,19432,2:35,Rocket Arena,
Sun Oct 26 2025,7:00p,Indiana Pacers,110,Minnesota Timberwolves,114,Box Score,,18978,2:29,Target Center,
Sun Oct 26 2025,7:30p,Toronto Raptors,129,Dallas Mavericks,139,Box Score,,19232,2:26,American Airlines Center,
Sun Oct 26 2025,9:00p,Los Angeles Lakers,127,Sacramento Kings,120,Box Score,,17832,,Golden 1 Center,
Sun Oct 26 2025,9:00p,Portland Trail Blazers,107,Los Angeles Clippers,114,Box Score,,17927,2:24,Intuit Dome,
Mon Oct 27 2025,7:00p,Cleveland Cavaliers,116,Detroit Pistons,95,Box Score,,18933,2:28,Little Caesars Arena,
Mon Oct 27 2025,7:00p,Orlando Magic,124,Philadelphia 76ers,136,Box Score,,18377,2:33,Xfinity Mobile Arena,
Mon Oct 27 2025,8:00p,Atlanta Hawks,123,Chicago Bulls,128,Box Score,,18094,2:13,United Center,
Mon Oct 27 2025,8:00p,Brooklyn Nets,109,Houston Rockets,137,Box Score,,18055,2:09,Toyota Center,
Mon Oct 27 2025,8:00p,Boston Celtics,122,New Orleans Pelicans,90,Box Score,,16787,2:14,Smoothie King Center,
Mon Oct 27 2025,8:00p,Toronto Raptors,103,San Antonio Spurs,121,Box Score,,18354,2:21,Frost Bank Center,
Mon Oct 27 2025,8:30p,Oklahoma City Thunder,101,Dallas Mavericks,94,Box Score,,19303,2:17,American Airlines Center,
Mon Oct 27 2025,9:00p,Phoenix Suns,134,Utah Jazz,138,Box Score,OT,18186,2:43,Delta Center,
Mon Oct 27 2025,9:30p,Denver Nuggets,127,Minnesota Timberwolves,114,Box Score,,14018,2:27,Target Center,
Mon Oct 27 2025,10:00p,Memphis Grizzlies,118,Golden State Warriors,131,Box Score,,18064,2:27,Chase Center,
Mon Oct 27 2025,10:30p,Portland Trail Blazers,122,Los Angeles Lakers,108,Box Score,,18512,2:15,Crypto.com Arena,
Tue Oct 28 2025,7:00p,Philadelphia 76ers,139,Washington Wizards,134,Box Score,OT,15529,2:38,Capital One Arena,
Tue Oct 28 2025,7:30p,Charlotte Hornets,117,Miami Heat,144,Box Score,,19600,2:13,Kaseya Center,
Tue Oct 28 2025,8:00p,New York Knicks,111,Milwaukee Bucks,121,Box Score,,16309,2:20,Fiserv Forum,
Tue Oct 28 2025,8:00p,Sacramento Kings,101,Oklahoma City Thunder,107,Box Score,,18203,2:07,Paycom Center,
Tue Oct 28 2025,11:00p,Los Angeles Clippers,79,Golden State Warriors,98,Box Score,,18064,2:11,Chase Center,
Wed Oct 29 2025,6:30p,Houston Rockets,139,Toronto Raptors,121,Box Score,,17234,2:15,Scotiabank Arena,
Wed Oct 29 2025,7:00p,Cleveland Cavaliers,105,Boston Celtics,125,Box Score,,19156,2:21,TD Garden,
Wed Oct 29 2025,7:00p,Orlando Magic,116,Detroit Pistons,135,Box Score,,19244,2:32,Little Caesars Arena,
Wed Oct 29 2025,7:30p,Atlanta Hawks,117,Brooklyn Nets,112,Box Score,,17548,2:17,Barclays Center,
Wed Oct 29 2025,8:00p,Sacramento Kings,113,Chicago Bulls,126,Box Score,,19017,2:11,United Center,
Wed Oct 29 2025,8:30p,Indiana Pacers,105,Dallas Mavericks,107,Box Score,,19141,2:33,American Airlines Center,
Wed Oct 29 2025,9:00p,Portland Trail Blazers,136,Utah Jazz,134,Box Score,,18186,2:36,Delta Center,
Wed Oct 29 2025,9:00p,New Orleans Pelicans,88,Denver Nuggets,122,Box Score,,19533,2:05,Ball Arena,
Wed Oct 29 2025,9:30p,Los Angeles Lakers,116,Minnesota Timberwolves,115,Box Score,,15308,2:23,Target Center,
Wed Oct 29 2025,10:00p,Memphis Grizzlies,114,Phoenix Suns,113,Box Score,,17071,2:15,Mortgage Matchup Center,
Thu Oct 30 2025,7:00p,Orlando Magic,123,Charlotte Hornets,107,Box Score,,18478,2:11,Spectrum Center,
Thu Oct 30 2025,8:00p,Golden State Warriors,110,Milwaukee Bucks,120,Box Score,,17341,2:19,Fiserv Forum,
Thu Oct 30 2025,8:00p,Washington Wizards,108,Oklahoma City Thunder,127,Box Score,,18203,2:08,Paycom Center,
Thu Oct 30 2025,8:30p,Miami Heat,101,San Antonio Spurs,107,Box Score,,18702,2:15,Frost Bank Center,
Fri Oct 31 2025,7:00p,Atlanta Hawks,128,Indiana Pacers,108,Box Score,,16212,2:18,Gainbridge Fieldhouse,NBA Cup
Fri Oct 31 2025,7:00p,Boston Celtics,109,Philadelphia 76ers,108,Box Score,,19746,2:25,Xfinity Mobile Arena,NBA Cup
Fri Oct 31 2025,7:30p,Toronto Raptors,112,Cleveland Cavaliers,101,Box Score,,19432,2:15,Rocket Arena,NBA Cup
Fri Oct 31 2025,8:00p,New York Knicks,125,Chicago Bulls,135,Box Score,,18330,2:29,United Center,NBA Cup
Fri Oct 31 2025,9:30p,Los Angeles Lakers,117,Memphis Grizzlies,112,Box Score,,16122,2:20,FedExForum,NBA Cup
Fri Oct 31 2025,10:00p,Utah Jazz,96,Phoenix Suns,118,Box Score,,17071,2:18,Mortgage Matchup Center,NBA Cup
Fri Oct 31 2025,10:00p,Denver Nuggets,107,Portland Trail Blazers,109,Box Score,,16382,2:40,Moda Center,NBA Cup
Fri Oct 31 2025,10:30p,New Orleans Pelicans,124,Los Angeles Clippers,126,Box Score,,16083,2:17,Intuit Dome,NBA Cup
Sat Nov 1 2025,5:00p,Sacramento Kings,135,Milwaukee Bucks,133,Box Score,,17341,2:35,Fiserv Forum,
Sat Nov 1 2025,6:00p,Minnesota Timberwolves,122,Charlotte Hornets,105,Box Score,,19444,2:17,Spectrum Center,
Sat Nov 1 2025,7:00p,Golden State Warriors,109,Indiana Pacers,114,Box Score,,17274,2:26,Gainbridge Fieldhouse,
Sat Nov 1 2025,7:00p,Orlando Magic,125,Washington Wizards,94,Box Score,,14602,2:07,Capital One Arena,
Sat Nov 1 2025,8:00p,Houston Rockets,128,Boston Celtics,101,Box Score,,19156,2:07,TD Garden,
Sat Nov 1 2025,10:00p,Dallas Mavericks,110,Detroit Pistons,122,Box Score,,20385,2:39,Mexico City Arena,
Sun Nov 2 2025,3:30p,New Orleans Pelicans,106,Oklahoma City Thunder,137,Box Score,,18203,2:12,Paycom Center,
Sun Nov 2 2025,6:00p,Philadelphia 76ers,129,Brooklyn Nets,105,Box Score,,17548,2:15,Barclays Center,
Sun Nov 2 2025,6:00p,Utah Jazz,103,Charlotte Hornets,126,Box Score,,17123,2:20,Spectrum Center,
Sun Nov 2 2025,6:00p,Atlanta Hawks,109,Cleveland Cavaliers,117,Box Score,,19432,2:26,Rocket Arena,
Sun Nov 2 2025,6:00p,Memphis Grizzlies,104,Toronto Raptors,117,Box Score,,16746,2:12,Scotiabank Arena,
Sun Nov 2 2025,7:00p,Chicago Bulls,116,New York Knicks,128,Box Score,,19812,2:16,Madison Square Garden (IV),
Sun Nov 2 2025,8:00p,San Antonio Spurs,118,Phoenix Suns,130,Box Score,,17071,2:18,Mortgage Matchup Center,
Sun Nov 2 2025,9:30p,Miami Heat,120,Los Angeles Lakers,130,Box Score,,18831,2:23,Crypto.com Arena,
Mon Nov 3 2025,7:00p,Minnesota Timberwolves,125,Brooklyn Nets,109,Box Score,,17287,2:32,Barclays Center,
Mon Nov 3 2025,7:00p,Milwaukee Bucks,117,Indiana Pacers,115,Box Score,,17016,2:28,Gainbridge Fieldhouse,
Mon Nov 3 2025,7:30p,Utah Jazz,105,Boston Celtics,103,Box Score,,19156,2:27,TD Garden,
Mon Nov 3 2025,7:30p,Washington Wizards,102,New York Knicks,119,Box Score,,19812,2:15,Madison Square Garden (IV),
Mon Nov 3 2025,8:00p,Dallas Mavericks,102,Houston Rockets,110,Box Score,,18055,2:28,Toyota Center,
Mon Nov 3 2025,8:00p,Detroit Pistons,114,Memphis Grizzlies,106,Box Score,,13822,2:22,FedExForum,
Mon Nov 3 2025,9:00p,Sacramento Kings,124,Denver Nuggets,130,Box Score,,19653,2:13,Ball Arena,
Mon Nov 3 2025,10:00p,Los Angeles Lakers,123,Portland Trail Blazers,115,Box Score,,17083,2:15,Moda Center,
Mon Nov 3 2025,10:30p,Miami Heat,120,Los Angeles Clippers,119,Box Score,,17045,2:12,Intuit Dome,
Tue Nov 4 2025,7:30p,Milwaukee Bucks,100,Toronto Raptors,128,Box Score,,18357,2:16,Scotiabank Arena,
Tue Nov 4 2025,8:00p,Orlando Magic,112,Atlanta Hawks,127,Box Score,,15821,2:38,State Farm Arena,
Tue Nov 4 2025,8:00p,Philadelphia 76ers,111,Chicago Bulls,113,Box Score,,21016,2:17,United Center,
Tue Nov 4 2025,8:00p,Charlotte Hornets,112,New Orleans Pelicans,116,Box Score,,15555,2:19,Smoothie King Center,
Tue Nov 4 2025,10:00p,Phoenix Suns,107,Golden State Warriors,118,Box Score,,18064,2:20,Chase Center,
Tue Nov 4 2025,11:00p,Oklahoma City Thunder,126,Los Angeles Clippers,107,Box Score,,17195,2:19,Intuit Dome,
Wed Nov 5 2025,7:00p,Philadelphia 76ers,121,Cleveland Cavaliers,132,Box Score,,19432,2:24,Rocket Arena,
Wed Nov 5 2025,7:00p,Utah Jazz,103,Detroit Pistons,114,Box Score,,18403,2:18,Little Caesars Arena,
Wed Nov 5 2025,7:00p,Brooklyn Nets,112,Indiana Pacers,103,Box Score,,16103,2:26,Gainbridge Fieldhouse,
Wed Nov 5 2025,7:30p,Washington Wizards,107,Boston Celtics,136,Box Score,,19156,2:12,TD Garden,
Wed Nov 5 2025,7:30p,Minnesota Timberwolves,114,New York Knicks,137,Box Score,,19812,2:17,Madison Square Garden (IV),
Wed Nov 5 2025,8:00p,Houston Rockets,124,Memphis Grizzlies,109,Box Score,,15119,2:13,FedExForum,
Wed Nov 5 2025,8:30p,New Orleans Pelicans,101,Dallas Mavericks,99,Box Score,,18925,2:11,American Airlines Center,
Wed Nov 5 2025,9:00p,Miami Heat,112,Denver Nuggets,122,Box Score,,19862,2:15,Ball Arena,
Wed Nov 5 2025,10:00p,San Antonio Spurs,116,Los Angeles Lakers,118,Box Score,,18997,2:54,Crypto.com Arena,
Wed Nov 5 2025,10:00p,Oklahoma City Thunder,119,Portland Trail Blazers,121,Box Score,,16822,2:34,Moda Center,
Wed Nov 5 2025,10:00p,Golden State Warriors,116,Sacramento Kings,121,Box Score,,17832,2:21,Golden 1 Center,
Thu Nov 6 2025,9:00p,Los Angeles Clippers,102,Phoenix Suns,115,Box Score,,17071,2:17,Mortgage Matchup Center,
Fri Nov 7 2025,7:00p,Boston Celtics,110,Orlando Magic,123,Box Score,,19154,2:19,Kia Center,NBA Cup
Fri Nov 7 2025,7:00p,Cleveland Cavaliers,148,Washington Wizards,115,Box Score,,14054,2:12,Capital One Arena,NBA Cup
Fri Nov 7 2025,7:30p,Toronto Raptors,109,Atlanta Hawks,97,Box Score,,16340,2:14,State Farm Arena,NBA Cup
Fri Nov 7 2025,7:30p,Detroit Pistons,125,Brooklyn Nets,107,Box Score,,17548,2:26,Barclays Center,NBA Cup
Fri Nov 7 2025,7:30p,Houston Rockets,110,San Antonio Spurs,121,Box Score,,19035,2:27,Frost Bank Center,NBA Cup
Fri Nov 7 2025,8:00p,Dallas Mavericks,104,Memphis Grizzlies,118,Box Score,,15028,2:17,FedExForum,NBA Cup
Fri Nov 7 2025,8:00p,Charlotte Hornets,108,Miami Heat,126,Box Score,,19600,2:20,Kaseya Center,NBA Cup
Fri Nov 7 2025,8:00p,Chicago Bulls,110,Milwaukee Bucks,126,Box Score,,17839,2:08,Fiserv Forum,NBA Cup
Fri Nov 7 2025,8:00p,Utah Jazz,97,Minnesota Timberwolves,137,Box Score,,17924,2:14,Target Center,NBA Cup
Fri Nov 7 2025,10:00p,Golden State Warriors,104,Denver Nuggets,129,Box Score,,19969,2:10,Ball Arena,NBA Cup
Fri Nov 7 2025,10:00p,Oklahoma City Thunder,132,Sacramento Kings,101,Box Score,,15767,2:13,Golden 1 Center,NBA Cup
Sat Nov 8 2025,7:00p,Dallas Mavericks,111,Washington Wizards,105,Box Score,,16258,2:17,Capital One Arena,
Sat Nov 8 2025,7:30p,Toronto Raptors,120,Philadelphia 76ers,130,Box Score,,19746,2:23,Xfinity Mobile Arena,
Sat Nov 8 2025,8:00p,Los Angeles Lakers,102,Atlanta Hawks,122,Box Score,,17194,1:59,State Farm Arena,
Sat Nov 8 2025,8:00p,Chicago Bulls,122,Cleveland Cavaliers,128,Box Score,,19432,2:32,Rocket Arena,
Sat Nov 8 2025,8:00p,Portland Trail Blazers,131,Miami Heat,136,Box Score,,19600,2:26,Kaseya Center,
Sat Nov 8 2025,8:00p,New Orleans Pelicans,119,San Antonio Spurs,126,Box Score,,18611,2:14,Frost Bank Center,
Sat Nov 8 2025,9:00p,Indiana Pacers,100,Denver Nuggets,117,Box Score,,19954,2:25,Ball Arena,
Sat Nov 8 2025,10:30p,Phoenix Suns,114,Los Angeles Clippers,103,Box Score,,17927,2:21,Intuit Dome,
Sun Nov 9 2025,3:30p,Houston Rockets,122,Milwaukee Bucks,115,Box Score,,17341,2:26,Fiserv Forum,
Sun Nov 9 2025,6:00p,Oklahoma City Thunder,114,Memphis Grizzlies,100,Box Score,,14532,2:12,FedExForum,
Sun Nov 9 2025,6:00p,Brooklyn Nets,98,New York Knicks,134,Box Score,,19812,2:16,Madison Square Garden (IV),
Sun Nov 9 2025,6:00p,Boston Celtics,111,Orlando Magic,107,Box Score,,18096,2:27,Kia Center,
Sun Nov 9 2025,7:30p,Detroit Pistons,111,Philadelphia 76ers,108,Box Score,,18520,2:23,Xfinity Mobile Arena,
Sun Nov 9 2025,8:30p,Indiana Pacers,83,Golden State Warriors,114,Box Score,,18064,2:19,Chase Center,
Sun Nov 9 2025,9:00p,Minnesota Timberwolves,144,Sacramento Kings,117,Box Score,,15227,2:12,Golden 1 Center,
Mon Nov 10 2025,7:00p,Los Angeles Lakers,121,Charlotte Hornets,111,Box Score,,19537,2:15,Spectrum Center,
Mon Nov 10 2025,7:00p,Washington Wizards,135,Detroit Pistons,137,Box Score,OT,17994,2:55,Little Caesars Arena,
Mon Nov 10 2025,7:00p,Portland Trail Blazers,112,Orlando Magic,115,Box Score,,17989,2:27,Kia Center,
Mon Nov 10 2025,7:30p,Cleveland Cavaliers,138,Miami Heat,140,Box Score,OT,19600,2:53,Kaseya Center,
Mon Nov 10 2025,8:00p,San Antonio Spurs,121,Chicago Bulls,117,Box Score,,21672,2:14,United Center,
Mon Nov 10 2025,8:30p,Milwaukee Bucks,116,Dallas Mavericks,114,Box Score,,19132,2:27,American Airlines Center,
Mon Nov 10 2025,9:00p,New Orleans Pelicans,98,Phoenix Suns,121,Box Score,,17071,2:15,Mortgage Matchup Center,
Mon Nov 10 2025,9:00p,Minnesota Timberwolves,120,Utah Jazz,113,Box Score,,18186,2:15,Delta Center,
Mon Nov 10 2025,10:30p,Atlanta Hawks,105,Los Angeles Clippers,102,Box Score,,16368,2:17,Intuit Dome,
Tue Nov 11 2025,7:30p,Toronto Raptors,119,Brooklyn Nets,109,Box Score,,17233,2:23,Barclays Center,
Tue Nov 11 2025,7:30p,Memphis Grizzlies,120,New York Knicks,133,Box Score,,19812,2:14,Madison Square Garden (IV),
Tue Nov 11 2025,8:00p,Golden State Warriors,102,Oklahoma City Thunder,126,Box Score,,18203,2:18,Paycom Center,
Tue Nov 11 2025,8:00p,Boston Celtics,100,Philadelphia 76ers,102,Box Score,,19746,2:19,Xfinity Mobile Arena,
Tue Nov 11 2025,9:00p,Indiana Pacers,128,Utah Jazz,152,Box Score,,18186,2:26,Delta Center,
Tue Nov 11 2025,11:00p,Denver Nuggets,122,Sacramento Kings,108,Box Score,,15106,2:22,Golden 1 Center,
Wed Nov 12 2025,7:00p,Milwaukee Bucks,100,Charlotte Hornets,111,Box Score,,17142,2:12,Spectrum Center,
Wed Nov 12 2025,7:00p,Chicago Bulls,113,Detroit Pistons,124,Box Score,,19023,2:15,Little Caesars Arena,
Wed Nov 12 2025,7:00p,Orlando Magic,124,New York Knicks,107,Box Score,,19812,2:26,Madison Square Garden (IV),
Wed Nov 12 2025,7:30p,Memphis Grizzlies,95,Boston Celtics,131,Box Score,,19156,2:04,TD Garden,
Wed Nov 12 2025,7:30p,Cleveland Cavaliers,130,Miami Heat,116,Box Score,,19600,2:14,Kaseya Center,
Wed Nov 12 2025,8:00p,Washington Wizards,112,Houston Rockets,135,Box Score,,18055,2:10,Toyota Center,
Wed Nov 12 2025,8:00p,Portland Trail Blazers,125,New Orleans Pelicans,117,Box Score,,15896,2:15,Smoothie King Center,
Wed Nov 12 2025,8:00p,Golden State Warriors,125,San Antonio Spurs,120,Box Score,,18578,2:27,Frost Bank Center,
Wed Nov 12 2025,8:30p,Phoenix Suns,123,Dallas Mavericks,114,Box Score,,19501,2:26,American Airlines Center,
Wed Nov 12 2025,9:30p,Los Angeles Lakers,92,Oklahoma City Thunder,121,Box Score,,18203,2:13,Paycom Center,
Wed Nov 12 2025,10:00p,Atlanta Hawks,133,Sacramento Kings,100,Box Score,,15008,2:08,Golden 1 Center,
Wed Nov 12 2025,10:30p,Denver Nuggets,130,Los Angeles Clippers,116,Box Score,,17927,2:17,Intuit Dome,
Thu Nov 13 2025,7:00p,Toronto Raptors,126,Cleveland Cavaliers,113,Box Score,,19432,2:18,Rocket Arena,
Thu Nov 13 2025,9:00p,Indiana Pacers,98,Phoenix Suns,133,Box Score,,17071,2:23,Mortgage Matchup Center,
Thu Nov 13 2025,9:00p,Atlanta Hawks,132,Utah Jazz,122,Box Score,,18186,2:14,Delta Center,
Fri Nov 14 2025,7:00p,Miami Heat,132,New York Knicks,140,Box Score,,19812,2:36,Madison Square Garden (IV),NBA Cup
Fri Nov 14 2025,7:00p,Brooklyn Nets,98,Orlando Magic,105,Box Score,,17902,2:20,Kia Center,NBA Cup
Fri Nov 14 2025,7:30p,Philadelphia 76ers,105,Detroit Pistons,114,Box Score,,20062,2:12,Little Caesars Arena,NBA Cup
Fri Nov 14 2025,8:00p,Portland Trail Blazers,116,Houston Rockets,140,Box Score,,18055,2:13,Toyota Center,NBA Cup
Fri Nov 14 2025,8:00p,Charlotte Hornets,134,Milwaukee Bucks,147,Box Score,OT,17341,2:39,Fiserv Forum,NBA Cup
Fri Nov 14 2025,8:00p,Sacramento Kings,110,Minnesota Timberwolves,124,Box Score,,16962,2:20,Target Center,NBA Cup
Fri Nov 14 2025,8:00p,Los Angeles Lakers,118,New Orleans Pelicans,104,Box Score,,18102,2:17,Smoothie King Center,NBA Cup
Fri Nov 14 2025,8:30p,Los Angeles Clippers,133,Dallas Mavericks,127,Box Score,2OT,18624,3:09,American Airlines Center,NBA Cup
Fri Nov 14 2025,9:30p,Golden State Warriors,109,San Antonio Spurs,108,Box Score,,19059,2:26,Frost Bank Center,NBA Cup
Sat Nov 15 2025,5:00p,Memphis Grizzlies,100,Cleveland Cavaliers,108,Box Score,,19432,2:22,Rocket Arena,
Sat Nov 15 2025,7:00p,Oklahoma City Thunder,109,Charlotte Hornets,96,Box Score,,19469,1:57,Spectrum Center,
Sat Nov 15 2025,7:00p,Toronto Raptors,129,Indiana Pacers,111,Box Score,,17274,2:27,Gainbridge Fieldhouse,
Sat Nov 15 2025,8:00p,Los Angeles Lakers,119,Milwaukee Bucks,95,Box Score,,17341,2:18,Fiserv Forum,
Sat Nov 15 2025,8:00p,Denver Nuggets,123,Minnesota Timberwolves,112,Box Score,,18978,2:26,Target Center,
Sun Nov 16 2025,3:30p,Los Angeles Clippers,118,Boston Celtics,121,Box Score,,19156,2:27,TD Garden,
Sun Nov 16 2025,4:00p,Sacramento Kings,110,San Antonio Spurs,123,Box Score,,18354,2:07,Frost Bank Center,
Sun Nov 16 2025,6:00p,Brooklyn Nets,129,Washington Wizards,106,Box Score,,14164,2:20,Capital One Arena,
Sun Nov 16 2025,7:00p,Orlando Magic,113,Houston Rockets,117,Box Score,OT,18055,2:51,Toyota Center,
Sun Nov 16 2025,7:00p,Golden State Warriors,124,New Orleans Pelicans,106,Box Score,,18373,2:14,Smoothie King Center,
Sun Nov 16 2025,7:30p,Portland Trail Blazers,133,Dallas Mavericks,138,Box Score,OT,18808,2:50,American Airlines Center,
Sun Nov 16 2025,8:00p,Atlanta Hawks,124,Phoenix Suns,122,Box Score,,17071,2:32,Mortgage Matchup Center,
Sun Nov 16 2025,8:00p,Chicago Bulls,147,Utah Jazz,150,Box Score,2OT,18186,,Delta Center,
Mon Nov 17 2025,7:00p,Milwaukee Bucks,106,Cleveland Cavaliers,118,Box Score,,19432,2:15,Rocket Arena,
Mon Nov 17 2025,7:00p,Indiana Pacers,112,Detroit Pistons,127,Box Score,,19058,2:31,Little Caesars Arena,
Mon Nov 17 2025,7:00p,Los Angeles Clippers,108,Philadelphia 76ers,110,Box Score,,18008,2:25,Xfinity Mobile Arena,
Mon Nov 17 2025,7:30p,New York Knicks,113,Miami Heat,115,Box Score,,19600,2:17,Kaseya Center,
Mon Nov 17 2025,7:30p,Charlotte Hornets,108,Toronto Raptors,110,Box Score,,19037,2:21,Scotiabank Arena,
Mon Nov 17 2025,8:00p,Dallas Mavericks,96,Minnesota Timberwolves,120,Box Score,,16712,2:16,Target Center,
Mon Nov 17 2025,8:00p,Oklahoma City Thunder,126,New Orleans Pelicans,109,Box Score,,13757,2:20,Smoothie King Center,
Mon Nov 17 2025,9:00p,Chicago Bulls,130,Denver Nuggets,127,Box Score,,19951,2:14,Ball Arena,
Tue Nov 18 2025,7:00p,Golden State Warriors,113,Orlando Magic,121,Box Score,,18846,2:20,Kia Center,
Tue Nov 18 2025,7:30p,Detroit Pistons,120,Atlanta Hawks,112,Box Score,,17353,2:18,State Farm Arena,
Tue Nov 18 2025,7:30p,Boston Celtics,113,Brooklyn Nets,99,Box Score,,18118,2:17,Barclays Center,
Tue Nov 18 2025,8:00p,Memphis Grizzlies,101,San Antonio Spurs,111,Box Score,,18354,2:10,Frost Bank Center,
Tue Nov 18 2025,10:30p,Utah Jazz,126,Los Angeles Lakers,140,Box Score,,18997,2:23,Crypto.com Arena,
Tue Nov 18 2025,11:00p,Phoenix Suns,127,Portland Trail Blazers,110,Box Score,,17051,2:15,Moda Center,
Wed Nov 19 2025,7:00p,Houston Rockets,114,Cleveland Cavaliers,104,Box Score,,19432,2:29,Rocket Arena,
Wed Nov 19 2025,7:00p,Charlotte Hornets,118,Indiana Pacers,127,Box Score,,17003,2:12,Gainbridge Fieldhouse,
Wed Nov 19 2025,7:00p,Toronto Raptors,121,Philadelphia 76ers,112,Box Score,,17077,2:09,Xfinity Mobile Arena,
Wed Nov 19 2025,7:30p,Golden State Warriors,96,Miami Heat,110,Box Score,,19600,2:13,Kaseya Center,
Wed Nov 19 2025,8:00p,Washington Wizards,109,Minnesota Timberwolves,120,Box Score,,16578,2:19,Target Center,
Wed Nov 19 2025,8:00p,Denver Nuggets,125,New Orleans Pelicans,118,Box Score,,16484,2:17,Smoothie King Center,
Wed Nov 19 2025,8:00p,Sacramento Kings,99,Oklahoma City Thunder,113,Box Score,,18203,2:14,Paycom Center,
Wed Nov 19 2025,9:30p,New York Knicks,113,Dallas Mavericks,111,Box Score,,18513,2:40,American Airlines Center,
Wed Nov 19 2025,10:00p,Chicago Bulls,122,Portland Trail Blazers,121,Box Score,,17795,2:20,Moda Center,
Thu Nov 20 2025,7:00p,Los Angeles Clippers,101,Orlando Magic,129,Box Score,,17801,2:15,Kia Center,
Thu Nov 20 2025,8:00p,Sacramento Kings,96,Memphis Grizzlies,137,Box Score,,14704,2:06,FedExForum,
Thu Nov 20 2025,8:00p,Philadelphia 76ers,123,Milwaukee Bucks,114,Box Score,OT,16574,2:27,Fiserv Forum,
Thu Nov 20 2025,8:00p,Atlanta Hawks,126,San Antonio Spurs,135,Box Score,,18354,2:11,Frost Bank Center,
Fri Nov 21 2025,7:00p,Indiana Pacers,109,Cleveland Cavaliers,120,Box Score,,19432,2:28,Rocket Arena,NBA Cup
Fri Nov 21 2025,7:30p,Brooklyn Nets,113,Boston Celtics,105,Box Score,,19156,2:14,TD Garden,NBA Cup
Fri Nov 21 2025,7:30p,Washington Wizards,110,Toronto Raptors,140,Box Score,,19800,2:20,Scotiabank Arena,NBA Cup
Fri Nov 21 2025,8:00p,Miami Heat,143,Chicago Bulls,107,Box Score,,21313,,United Center,NBA Cup
Fri Nov 21 2025,8:30p,New Orleans Pelicans,115,Dallas Mavericks,118,Box Score,,18506,2:24,American Airlines Center,NBA Cup
Fri Nov 21 2025,9:00p,Minnesota Timberwolves,113,Phoenix Suns,114,Box Score,,17071,2:31,Mortgage Matchup Center,NBA Cup
Fri Nov 21 2025,9:30p,Denver Nuggets,112,Houston Rockets,109,Box Score,,18108,2:26,Toyota Center,NBA Cup
Fri Nov 21 2025,10:00p,Portland Trail Blazers,127,Golden State Warriors,123,Box Score,,18064,2:24,Chase Center,NBA Cup
Fri Nov 21 2025,10:00p,Oklahoma City Thunder,144,Utah Jazz,112,Box Score,,18186,2:12,Delta Center,NBA Cup
Sat Nov 22 2025,1:00p,Los Angeles Clippers,131,Charlotte Hornets,116,Box Score,,18721,2:13,Spectrum Center,
Sat Nov 22 2025,5:00p,New York Knicks,121,Orlando Magic,133,Box Score,,18014,2:40,Kia Center,
Sat Nov 22 2025,7:00p,Atlanta Hawks,115,New Orleans Pelicans,98,Box Score,,18397,2:12,Smoothie King Center,
Sat Nov 22 2025,8:00p,Washington Wizards,120,Chicago Bulls,121,Box Score,,21302,2:12,United Center,
Sat Nov 22 2025,8:00p,Detroit Pistons,129,Milwaukee Bucks,116,Box Score,,17341,2:15,Fiserv Forum,
Sat Nov 22 2025,8:30p,Memphis Grizzlies,102,Dallas Mavericks,96,Box Score,,19623,2:15,American Airlines Center,
Sat Nov 22 2025,10:00p,Sacramento Kings,128,Denver Nuggets,123,Box Score,,19893,2:17,Ball Arena,
Sun Nov 23 2025,1:00p,Miami Heat,127,Philadelphia 76ers,117,Box Score,,18850,2:09,Xfinity Mobile Arena,
Sun Nov 23 2025,6:00p,Charlotte Hornets,110,Atlanta Hawks,113,Box Score,,17460,,State Farm Arena,
Sun Nov 23 2025,6:00p,Orlando Magic,129,Boston Celtics,138,Box Score,,19156,2:20,TD Garden,
Sun Nov 23 2025,6:00p,Los Angeles Clippers,105,Cleveland Cavaliers,120,Box Score,,19432,2:17,Rocket Arena,
Sun Nov 23 2025,6:00p,Brooklyn Nets,109,Toronto Raptors,119,Box Score,,18038,,Scotiabank Arena,
Sun Nov 23 2025,7:00p,Portland Trail Blazers,95,Oklahoma City Thunder,122,Box Score,,18203,2:11,Paycom Center,
Sun Nov 23 2025,8:00p,San Antonio Spurs,102,Phoenix Suns,111,Box Score,,17071,2:16,Mortgage Matchup Center,
Sun Nov 23 2025,8:00p,Los Angeles Lakers,108,Utah Jazz,106,Box Score,,18186,2:14,Delta Center,
Mon Nov 24 2025,7:00p,Detroit Pistons,122,Indiana Pacers,117,Box Score,,17009,2:33,Gainbridge Fieldhouse,
Mon Nov 24 2025,7:00p,Cleveland Cavaliers,99,Toronto Raptors,110,Box Score,,17127,2:13,Scotiabank Arena,
Mon Nov 24 2025,7:30p,New York Knicks,113,Brooklyn Nets,100,Box Score,,18019,2:14,Barclays Center,
Mon Nov 24 2025,7:30p,Dallas Mavericks,102,Miami Heat,106,Box Score,,19600,2:21,Kaseya Center,
Mon Nov 24 2025,8:00p,Denver Nuggets,125,Memphis Grizzlies,115,Box Score,,15519,2:04,FedExForum,
Mon Nov 24 2025,8:00p,Portland Trail Blazers,115,Milwaukee Bucks,103,Box Score,,16526,2:08,Fiserv Forum,
Mon Nov 24 2025,8:00p,Chicago Bulls,130,New Orleans Pelicans,143,Box Score,,16690,2:19,Smoothie King Center,
Mon Nov 24 2025,9:30p,Houston Rockets,114,Phoenix Suns,92,Box Score,,17071,2:26,Mortgage Matchup Center,
Mon Nov 24 2025,10:00p,Utah Jazz,117,Golden State Warriors,134,Box Score,,18064,2:05,Chase Center,
Mon Nov 24 2025,10:00p,Minnesota Timberwolves,112,Sacramento Kings,117,Box Score,OT,16957,2:41,Golden 1 Center,
Tue Nov 25 2025,7:00p,Atlanta Hawks,113,Washington Wizards,132,Box Score,,15522,2:07,Capital One Arena,NBA Cup
Tue Nov 25 2025,8:00p,Orlando Magic,144,Philadelphia 76ers,103,Box Score,,19746,2:23,Xfinity Mobile Arena,NBA Cup
Tue Nov 25 2025,11:00p,Los Angeles Clippers,118,Los Angeles Lakers,135,Box Score,,18997,2:33,Crypto.com Arena,NBA Cup
Wed Nov 26 2025,5:00p,Detroit Pistons,114,Boston Celtics,117,Box Score,,19156,2:33,TD Garden,NBA Cup
Wed Nov 26 2025,7:00p,New York Knicks,129,Charlotte Hornets,101,Box Score,,19588,2:15,Spectrum Center,NBA Cup
Wed Nov 26 2025,7:30p,Milwaukee Bucks,103,Miami Heat,106,Box Score,,19600,2:02,Kaseya Center,NBA Cup
Wed Nov 26 2025,7:30p,Minnesota Timberwolves,105,Oklahoma City Thunder,113,Box Score,,18203,2:38,Paycom Center,NBA Cup
Wed Nov 26 2025,7:30p,Indiana Pacers,95,Toronto Raptors,97,Box Score,,18484,2:17,Scotiabank Arena,NBA Cup
Wed Nov 26 2025,8:00p,Memphis Grizzlies,133,New Orleans Pelicans,128,Box Score,OT,17333,2:27,Smoothie King Center,NBA Cup
Wed Nov 26 2025,10:00p,Houston Rockets,104,Golden State Warriors,100,Box Score,,18064,2:28,Chase Center,NBA Cup
Wed Nov 26 2025,10:00p,San Antonio Spurs,115,Portland Trail Blazers,102,Box Score,,19335,2:17,Moda Center,NBA Cup
Wed Nov 26 2025,10:00p,Phoenix Suns,112,Sacramento Kings,100,Box Score,,17961,2:10,Golden 1 Center,NBA Cup
Fri Nov 28 2025,7:30p,Cleveland Cavaliers,123,Atlanta Hawks,130,Box Score,,16124,2:21,State Farm Arena,NBA Cup
Fri Nov 28 2025,7:30p,Philadelphia 76ers,115,Brooklyn Nets,103,Box Score,,17809,2:17,Barclays Center,NBA Cup
Fri Nov 28 2025,7:30p,Chicago Bulls,116,Charlotte Hornets,123,Box Score,,19453,2:15,Spectrum Center,NBA Cup
Fri Nov 28 2025,7:30p,Orlando Magic,112,Detroit Pistons,109,Box Score,,20062,2:28,Little Caesars Arena,NBA Cup
Fri Nov 28 2025,7:30p,Washington Wizards,86,Indiana Pacers,119,Box Score,,16515,2:07,Gainbridge Fieldhouse,NBA Cup
Fri Nov 28 2025,7:30p,Milwaukee Bucks,109,New York Knicks,118,Box Score,,19812,2:38,Madison Square Garden (IV),NBA Cup
Fri Nov 28 2025,9:30p,San Antonio Spurs,139,Denver Nuggets,136,Box Score,,19936,2:24,Ball Arena,NBA Cup
Fri Nov 28 2025,9:30p,Phoenix Suns,119,Oklahoma City Thunder,123,Box Score,,18203,2:17,Paycom Center,NBA Cup
Fri Nov 28 2025,9:30p,Sacramento Kings,119,Utah Jazz,128,Box Score,,18186,2:23,Delta Center,NBA Cup
Fri Nov 28 2025,10:00p,Memphis Grizzlies,112,Los Angeles Clippers,107,Box Score,,17927,2:14,Intuit Dome,NBA Cup
Fri Nov 28 2025,10:00p,Dallas Mavericks,119,Los Angeles Lakers,129,Box Score,,18997,2:23,Crypto.com Arena,NBA Cup
Sat Nov 29 2025,5:00p,Boston Celtics,115,Minnesota Timberwolves,119,Box Score,,17344,2:14,Target Center,
Sat Nov 29 2025,6:00p,Toronto Raptors,111,Charlotte Hornets,118,Box Score,OT,17060,2:36,Spectrum Center,
Sat Nov 29 2025,7:30p,Chicago Bulls,101,Indiana Pacers,103,Box Score,,17006,2:12,Gainbridge Fieldhouse,
Sat Nov 29 2025,8:00p,Detroit Pistons,138,Miami Heat,135,Box Score,,19600,2:29,Kaseya Center,
Sat Nov 29 2025,8:00p,Brooklyn Nets,99,Milwaukee Bucks,116,Box Score,,16396,2:05,Fiserv Forum,
Sat Nov 29 2025,8:30p,New Orleans Pelicans,96,Golden State Warriors,104,Box Score,,18064,2:28,Chase Center,
Sat Nov 29 2025,9:00p,Denver Nuggets,130,Phoenix Suns,112,Box Score,,17071,2:10,Mortgage Matchup Center,
Sat Nov 29 2025,10:00p,Dallas Mavericks,114,Los Angeles Clippers,110,Box Score,,17927,2:21,Intuit Dome,
Sun Nov 30 2025,3:00p,Houston Rockets,129,Utah Jazz,101,Box Score,,18186,2:13,Delta Center,
Sun Nov 30 2025,6:00p,Boston Celtics,117,Cleveland Cavaliers,115,Box Score,,19432,2:15,Rocket Arena,
Sun Nov 30 2025,6:00p,Toronto Raptors,94,New York Knicks,116,Box Score,,19812,2:10,Madison Square Garden (IV),
Sun Nov 30 2025,6:00p,Atlanta Hawks,142,Philadelphia 76ers,134,Box Score,2OT,17225,3:03,Xfinity Mobile Arena,
Sun Nov 30 2025,6:00p,Oklahoma City Thunder,123,Portland Trail Blazers,115,Box Score,,17597,2:20,Moda Center,
Sun Nov 30 2025,7:00p,San Antonio Spurs,112,Minnesota Timberwolves,125,Box Score,,16979,2:07,Target Center,
Sun Nov 30 2025,9:00p,Memphis Grizzlies,115,Sacramento Kings,107,Box Score,,15901,2:17,Golden 1 Center,
Sun Nov 30 2025,9:30p,New Orleans Pelicans,121,Los Angeles Lakers,133,Box Score,,18824,2:18,Crypto.com Arena,
Mon Dec 1 2025,7:00p,Atlanta Hawks,98,Detroit Pistons,99,Box Score,,19008,2:09,Little Caesars Arena,
Mon Dec 1 2025,7:00p,Cleveland Cavaliers,135,Indiana Pacers,119,Box Score,,15470,2:25,Gainbridge Fieldhouse,
Mon Dec 1 2025,7:00p,Milwaukee Bucks,126,Washington Wizards,129,Box Score,,13709,2:15,Capital One Arena,
Mon Dec 1 2025,7:30p,Charlotte Hornets,103,Brooklyn Nets,116,Box Score,,16443,2:13,Barclays Center,
Mon Dec 1 2025,7:30p,Los Angeles Clippers,123,Miami Heat,140,Box Score,,19600,2:12,Kaseya Center,
Mon Dec 1 2025,7:30p,Chicago Bulls,120,Orlando Magic,125,Box Score,,18096,2:28,Kia Center,
Mon Dec 1 2025,9:00p,Dallas Mavericks,131,Denver Nuggets,121,Box Score,,19587,2:06,Ball Arena,
Mon Dec 1 2025,9:00p,Houston Rockets,125,Utah Jazz,133,Box Score,,18186,2:28,Delta Center,
Mon Dec 1 2025,10:00p,Phoenix Suns,125,Los Angeles Lakers,108,Box Score,,18997,2:09,Crypto.com Arena,
Tue Dec 2 2025,7:00p,Washington Wizards,102,Philadelphia 76ers,121,Box Score,,16743,2:06,Xfinity Mobile Arena,
Tue Dec 2 2025,7:30p,Portland Trail Blazers,118,Toronto Raptors,121,Box Score,,19203,2:22,Scotiabank Arena,
Tue Dec 2 2025,8:00p,New York Knicks,117,Boston Celtics,123,Box Score,,19156,2:25,TD Garden,
Tue Dec 2 2025,8:00p,Minnesota Timberwolves,149,New Orleans Pelicans,142,Box Score,OT,12770,2:33,Smoothie King Center,
Tue Dec 2 2025,8:00p,Memphis Grizzlies,119,San Antonio Spurs,126,Box Score,,18354,2:29,Frost Bank Center,
Tue Dec 2 2025,11:00p,Oklahoma City Thunder,124,Golden State Warriors,112,Box Score,,18064,2:17,Chase Center,
Wed Dec 3 2025,7:00p,Portland Trail Blazers,122,Cleveland Cavaliers,110,Box Score,,19432,2:12,Rocket Arena,
Wed Dec 3 2025,7:00p,Denver Nuggets,135,Indiana Pacers,120,Box Score,,15578,2:22,Gainbridge Fieldhouse,
Wed Dec 3 2025,7:00p,San Antonio Spurs,114,Orlando Magic,112,Box Score,,17643,2:19,Kia Center,
Wed Dec 3 2025,7:30p,Los Angeles Clippers,115,Atlanta Hawks,92,Box Score,,16470,2:11,State Farm Arena,
Wed Dec 3 2025,7:30p,Charlotte Hornets,104,New York Knicks,119,Box Score,,19812,2:15,Madison Square Garden (IV),
Wed Dec 3 2025,8:00p,Brooklyn Nets,113,Chicago Bulls,103,Box Score,,20633,2:12,United Center,
Wed Dec 3 2025,8:00p,Sacramento Kings,95,Houston Rockets,121,Box Score,,18055,2:03,Toyota Center,
Wed Dec 3 2025,8:00p,Detroit Pistons,109,Milwaukee Bucks,113,Box Score,,16256,2:22,Fiserv Forum,
Wed Dec 3 2025,8:30p,Miami Heat,108,Dallas Mavericks,118,Box Score,,19509,2:05,American Airlines Center,
Thu Dec 4 2025,7:00p,Golden State Warriors,98,Philadelphia 76ers,99,Box Score,,18221,2:19,Xfinity Mobile Arena,
Thu Dec 4 2025,7:00p,Boston Celtics,146,Washington Wizards,101,Box Score,,16026,2:08,Capital One Arena,
Thu Dec 4 2025,7:30p,Utah Jazz,123,Brooklyn Nets,110,Box Score,,16485,2:17,Barclays Center,
Thu Dec 4 2025,7:30p,Los Angeles Lakers,123,Toronto Raptors,120,Box Score,,19800,2:13,Scotiabank Arena,
Thu Dec 4 2025,8:00p,Minnesota Timberwolves,125,New Orleans Pelicans,116,Box Score,,16459,2:15,Smoothie King Center,
Fri Dec 5 2025,7:00p,Los Angeles Lakers,105,Boston Celtics,126,Box Score,,19156,2:11,TD Garden,
Fri Dec 5 2025,7:00p,Miami Heat,105,Orlando Magic,106,Box Score,,17794,2:16,Kia Center,
Fri Dec 5 2025,7:30p,Denver Nuggets,134,Atlanta Hawks,133,Box Score,,16149,2:18,State Farm Arena,
Fri Dec 5 2025,7:30p,San Antonio Spurs,117,Cleveland Cavaliers,130,Box Score,,19432,2:20,Rocket Arena,
Fri Dec 5 2025,7:30p,Portland Trail Blazers,116,Detroit Pistons,122,Box Score,,19907,2:42,Little Caesars Arena,
Fri Dec 5 2025,7:30p,Utah Jazz,112,New York Knicks,146,Box Score,,19812,2:14,Madison Square Garden (IV),
Fri Dec 5 2025,7:30p,Charlotte Hornets,111,Toronto Raptors,86,Box Score,,19800,2:23,Scotiabank Arena,
Fri Dec 5 2025,8:00p,Indiana Pacers,120,Chicago Bulls,105,Box Score,,20471,2:13,United Center,
Fri Dec 5 2025,8:00p,Phoenix Suns,98,Houston Rockets,117,Box Score,,18055,2:13,Toyota Center,
Fri Dec 5 2025,8:00p,Los Angeles Clippers,98,Memphis Grizzlies,107,Box Score,,15052,2:01,FedExForum,
Fri Dec 5 2025,8:00p,Philadelphia 76ers,116,Milwaukee Bucks,101,Box Score,,17341,2:13,Fiserv Forum,
Fri Dec 5 2025,9:30p,Dallas Mavericks,111,Oklahoma City Thunder,132,Box Score,,18203,2:15,Paycom Center,
Sat Dec 6 2025,5:00p,New Orleans Pelicans,101,Brooklyn Nets,119,Box Score,,17055,2:01,Barclays Center,
Sat Dec 6 2025,7:00p,Atlanta Hawks,131,Washington Wizards,116,Box Score,,15596,2:10,Capital One Arena,
Sat Dec 6 2025,7:30p,Golden State Warriors,99,Cleveland Cavaliers,94,Box Score,,19432,2:21,Rocket Arena,
Sat Dec 6 2025,7:30p,Milwaukee Bucks,112,Detroit Pistons,124,Box Score,,19931,2:19,Little Caesars Arena,
Sat Dec 6 2025,8:00p,Sacramento Kings,127,Miami Heat,111,Box Score,,19700,2:09,Kaseya Center,
Sat Dec 6 2025,8:00p,Los Angeles Clippers,106,Minnesota Timberwolves,109,Box Score,,17506,2:28,Target Center,
Sat Dec 6 2025,8:30p,Houston Rockets,109,Dallas Mavericks,122,Box Score,,19310,2:04,American Airlines Center,
Sun Dec 7 2025,12:00p,Orlando Magic,100,New York Knicks,106,Box Score,,19812,2:28,Madison Square Garden (IV),
Sun Dec 7 2025,3:30p,Boston Celtics,121,Toronto Raptors,113,Box Score,,18492,2:11,Scotiabank Arena,
Sun Dec 7 2025,6:00p,Denver Nuggets,115,Charlotte Hornets,106,Box Score,,18416,2:10,Spectrum Center,
Sun Dec 7 2025,6:00p,Portland Trail Blazers,96,Memphis Grizzlies,119,Box Score,,14189,2:26,FedExForum,
Sun Dec 7 2025,7:00p,Golden State Warriors,123,Chicago Bulls,91,Box Score,,18449,2:03,United Center,
Sun Dec 7 2025,7:30p,Los Angeles Lakers,112,Philadelphia 76ers,108,Box Score,,20431,2:14,Xfinity Mobile Arena,
Sun Dec 7 2025,8:00p,Oklahoma City Thunder,131,Utah Jazz,101,Box Score,,18186,2:19,Delta Center,
Mon Dec 8 2025,7:00p,Sacramento Kings,105,Indiana Pacers,116,Box Score,,16465,2:17,Gainbridge Fieldhouse,
Mon Dec 8 2025,7:30p,Phoenix Suns,108,Minnesota Timberwolves,105,Box Score,,16046,2:22,Target Center,
Mon Dec 8 2025,8:00p,San Antonio Spurs,135,New Orleans Pelicans,132,Box Score,,15783,2:24,Smoothie King Center,
Tue Dec 9 2025,6:00p,Miami Heat,108,Orlando Magic,117,Box Score,,18605,2:28,Kia Center,NBA Cup
Tue Dec 9 2025,8:30p,New York Knicks,117,Toronto Raptors,101,Box Score,,17801,2:27,Scotiabank Arena,NBA Cup
Wed Dec 10 2025,7:30p,Phoenix Suns,89,Oklahoma City Thunder,138,Box Score,,18203,2:06,Paycom Center,NBA Cup
Wed Dec 10 2025,10:00p,San Antonio Spurs,132,Los Angeles Lakers,119,Box Score,,18684,2:24,Crypto.com Arena,NBA Cup
Thu Dec 11 2025,8:00p,Los Angeles Clippers,113,Houston Rockets,115,Box Score,,18055,2:26,Toyota Center,
Thu Dec 11 2025,8:00p,Boston Celtics,101,Milwaukee Bucks,116,Box Score,,15458,2:13,Fiserv Forum,
Thu Dec 11 2025,8:00p,Portland Trail Blazers,120,New Orleans Pelicans,143,Box Score,,13448,2:14,Smoothie King Center,
Thu Dec 11 2025,10:00p,Denver Nuggets,136,Sacramento Kings,105,Box Score,,16307,2:06,Golden 1 Center,
Fri Dec 12 2025,7:00p,Chicago Bulls,129,Charlotte Hornets,126,Box Score,,16205,2:20,Spectrum Center,
Fri Dec 12 2025,7:00p,Atlanta Hawks,115,Detroit Pistons,142,Box Score,,18989,2:16,Little Caesars Arena,
Fri Dec 12 2025,7:00p,Indiana Pacers,105,Philadelphia 76ers,115,Box Score,,19746,2:21,Xfinity Mobile Arena,
Fri Dec 12 2025,7:00p,Cleveland Cavaliers,130,Washington Wizards,126,Box Score,,15465,2:25,Capital One Arena,
Fri Dec 12 2025,8:00p,Utah Jazz,130,Memphis Grizzlies,126,Box Score,,15502,2:19,FedExForum,
Fri Dec 12 2025,8:30p,Brooklyn Nets,111,Dallas Mavericks,119,Box Score,,19032,2:13,American Airlines Center,
Fri Dec 12 2025,10:00p,Minnesota Timberwolves,127,Golden State Warriors,120,Box Score,,18064,2:22,Chase Center,
Sat Dec 13 2025,5:30p,New York Knicks,132,Orlando Magic,120,Box Score,,16697,2:29,T-Mobile Arena,NBA Cup
Sat Dec 13 2025,9:00p,San Antonio Spurs,111,Oklahoma City Thunder,109,Box Score,,18519,2:35,T-Mobile Arena,NBA Cup
Sun Dec 14 2025,3:00p,Washington Wizards,108,Indiana Pacers,89,Box Score,,16001,2:20,Gainbridge Fieldhouse,
Sun Dec 14 2025,3:30p,Charlotte Hornets,119,Cleveland Cavaliers,111,Box Score,OT,19432,,Rocket Arena,
Sun Dec 14 2025,6:00p,Philadelphia 76ers,117,Atlanta Hawks,120,Box Score,,16250,2:21,State Farm Arena,
Sun Dec 14 2025,6:00p,Milwaukee Bucks,82,Brooklyn Nets,127,Box Score,,16439,2:05,Barclays Center,
Sun Dec 14 2025,7:00p,New Orleans Pelicans,114,Chicago Bulls,104,Box Score,,18372,2:14,United Center,
Sun Dec 14 2025,7:00p,Sacramento Kings,103,Minnesota Timberwolves,117,Box Score,,15466,2:11,Target Center,
Sun Dec 14 2025,8:00p,Los Angeles Lakers,116,Phoenix Suns,114,Box Score,,17071,2:43,Mortgage Matchup Center,
Sun Dec 14 2025,9:00p,Golden State Warriors,131,Portland Trail Blazers,136,Box Score,,19064,2:23,Moda Center,
Mon Dec 15 2025,7:00p,Detroit Pistons,112,Boston Celtics,105,Box Score,,19156,2:33,TD Garden,
Mon Dec 15 2025,7:30p,Toronto Raptors,106,Miami Heat,96,Box Score,,19600,2:12,Kaseya Center,
Mon Dec 15 2025,9:00p,Dallas Mavericks,133,Utah Jazz,140,Box Score,OT,18186,2:43,Delta Center,
Mon Dec 15 2025,9:30p,Houston Rockets,125,Denver Nuggets,128,Box Score,OT,19596,2:43,Ball Arena,
Mon Dec 15 2025,10:30p,Memphis Grizzlies,121,Los Angeles Clippers,103,Box Score,,17927,2:09,Intuit Dome,
Tue Dec 16 2025,8:30p,San Antonio Spurs,113,New York Knicks,124,Box Score,,18609,2:23,T-Mobile Arena,NBA Cup
Wed Dec 17 2025,8:00p,Cleveland Cavaliers,111,Chicago Bulls,127,Box Score,,18872,2:07,United Center,
Wed Dec 17 2025,8:00p,Memphis Grizzlies,116,Minnesota Timberwolves,110,Box Score,,16287,2:25,Target Center,
Thu Dec 18 2025,7:00p,Atlanta Hawks,126,Charlotte Hornets,133,Box Score,,16124,2:12,Spectrum Center,
Thu Dec 18 2025,7:00p,New York Knicks,114,Indiana Pacers,113,Box Score,,15660,2:20,Gainbridge Fieldhouse,
Thu Dec 18 2025,7:30p,Miami Heat,106,Brooklyn Nets,95,Box Score,,17548,2:13,Barclays Center,
Thu Dec 18 2025,8:00p,Toronto Raptors,111,Milwaukee Bucks,105,Box Score,,17341,2:13,Fiserv Forum,
Thu Dec 18 2025,8:00p,Houston Rockets,128,New Orleans Pelicans,133,Box Score,OT,16766,2:39,Smoothie King Center,
Thu Dec 18 2025,8:00p,Los Angeles Clippers,101,Oklahoma City Thunder,122,Box Score,,18203,2:13,Paycom Center,
Thu Dec 18 2025,8:00p,Washington Wizards,94,San Antonio Spurs,119,Box Score,,18754,2:09,Frost Bank Center,
Thu Dec 18 2025,8:30p,Detroit Pistons,114,Dallas Mavericks,116,Box Score,OT,19600,2:43,American Airlines Center,
Thu Dec 18 2025,9:00p,Orlando Magic,115,Denver Nuggets,126,Box Score,,19731,2:12,Ball Arena,
Thu Dec 18 2025,9:00p,Golden State Warriors,98,Phoenix Suns,99,Box Score,,17071,2:28,Mortgage Matchup Center,
Thu Dec 18 2025,9:00p,Los Angeles Lakers,143,Utah Jazz,135,Box Score,,18186,2:36,Delta Center,
Thu Dec 18 2025,10:00p,Sacramento Kings,133,Portland Trail Blazers,134,Box Score,OT,16382,2:52,Moda Center,
Fri Dec 19 2025,7:00p,Miami Heat,116,Boston Celtics,129,Box Score,,19156,2:20,TD Garden,
Fri Dec 19 2025,7:00p,Philadelphia 76ers,116,New York Knicks,107,Box Score,,19812,2:25,Madison Square Garden (IV),
Fri Dec 19 2025,7:30p,San Antonio Spurs,126,Atlanta Hawks,98,Box Score,,15505,1:56,State Farm Arena,
Fri Dec 19 2025,7:30p,Chicago Bulls,136,Cleveland Cavaliers,125,Box Score,,19432,2:11,Rocket Arena,
Fri Dec 19 2025,9:30p,Oklahoma City Thunder,107,Minnesota Timberwolves,112,Box Score,,18978,2:31,Target Center,
Sat Dec 20 2025,5:00p,Houston Rockets,115,Denver Nuggets,101,Box Score,,19955,2:16,Ball Arena,
Sat Dec 20 2025,7:00p,Indiana Pacers,109,New Orleans Pelicans,128,Box Score,,16434,2:26,Smoothie King Center,
Sat Dec 20 2025,7:00p,Dallas Mavericks,114,Philadelphia 76ers,121,Box Score,,19056,2:11,Xfinity Mobile Arena,
Sat Dec 20 2025,7:00p,Boston Celtics,112,Toronto Raptors,96,Box Score,,19533,2:09,Scotiabank Arena,
Sat Dec 20 2025,7:30p,Charlotte Hornets,86,Detroit Pistons,112,Box Score,,20062,2:21,Little Caesars Arena,
Sat Dec 20 2025,8:00p,Washington Wizards,130,Memphis Grizzlies,122,Box Score,,15780,2:20,FedExForum,
Sat Dec 20 2025,8:30p,Phoenix Suns,116,Golden State Warriors,119,Box Score,,18064,,Chase Center,
Sat Dec 20 2025,9:30p,Orlando Magic,128,Utah Jazz,127,Box Score,OT,18186,2:48,Delta Center,
Sat Dec 20 2025,10:00p,Portland Trail Blazers,98,Sacramento Kings,93,Box Score,,15963,2:21,Golden 1 Center,
Sat Dec 20 2025,10:30p,Los Angeles Lakers,88,Los Angeles Clippers,103,Box Score,,17927,2:18,Intuit Dome,
Sun Dec 21 2025,3:30p,Chicago Bulls,152,Atlanta Hawks,150,Box Score,,15110,2:26,State Farm Arena,
Sun Dec 21 2025,6:00p,Toronto Raptors,81,Brooklyn Nets,96,Box Score,,17548,2:10,Barclays Center,
Sun Dec 21 2025,6:00p,Miami Heat,125,New York Knicks,132,Box Score,,19812,2:21,Madison Square Garden (IV),
Sun Dec 21 2025,7:00p,Milwaukee Bucks,100,Minnesota Timberwolves,103,Box Score,,18978,2:14,Target Center,
Sun Dec 21 2025,7:00p,San Antonio Spurs,124,Washington Wizards,113,Box Score,,20028,2:23,Capital One Arena,
Sun Dec 21 2025,10:00p,Houston Rockets,124,Sacramento Kings,125,Box Score,OT,15796,2:35,Golden 1 Center,
Mon Dec 22 2025,7:00p,Charlotte Hornets,132,Cleveland Cavaliers,139,Box Score,,19432,2:28,Rocket Arena,
Mon Dec 22 2025,7:30p,Indiana Pacers,95,Boston Celtics,103,Box Score,,19156,2:12,TD Garden,
Mon Dec 22 2025,8:00p,Dallas Mavericks,113,New Orleans Pelicans,119,Box Score,,16978,2:15,Smoothie King Center,
Mon Dec 22 2025,9:00p,Utah Jazz,112,Denver Nuggets,135,Box Score,,19887,2:08,Ball Arena,
Mon Dec 22 2025,9:30p,Memphis Grizzlies,103,Oklahoma City Thunder,119,Box Score,,18203,2:14,Paycom Center,
Mon Dec 22 2025,10:00p,Orlando Magic,97,Golden State Warriors,120,Box Score,,18064,2:17,Chase Center,
Mon Dec 22 2025,10:00p,Detroit Pistons,110,Portland Trail Blazers,102,Box Score,,19335,2:27,Moda Center,
Tue Dec 23 2025,7:00p,Washington Wizards,109,Charlotte Hornets,126,Box Score,,18679,2:15,Spectrum Center,
Tue Dec 23 2025,7:00p,Brooklyn Nets,114,Philadelphia 76ers,106,Box Score,,19746,2:30,Xfinity Mobile Arena,
Tue Dec 23 2025,7:30p,Chicago Bulls,126,Atlanta Hawks,123,Box Score,,15367,2:27,State Farm Arena,
Tue Dec 23 2025,7:30p,New Orleans Pelicans,118,Cleveland Cavaliers,141,Box Score,,19432,2:09,Rocket Arena,
Tue Dec 23 2025,7:30p,Milwaukee Bucks,111,Indiana Pacers,94,Box Score,,16509,2:21,Gainbridge Fieldhouse,
Tue Dec 23 2025,7:30p,Toronto Raptors,112,Miami Heat,91,Box Score,,19801,2:12,Kaseya Center,
Tue Dec 23 2025,8:00p,Denver Nuggets,130,Dallas Mavericks,131,Box Score,,19432,2:14,American Airlines Center,
Tue Dec 23 2025,8:00p,New York Knicks,104,Minnesota Timberwolves,115,Box Score,,18978,2:22,Target Center,
Tue Dec 23 2025,8:30p,Oklahoma City Thunder,110,San Antonio Spurs,130,Box Score,,19133,2:09,Frost Bank Center,
Tue Dec 23 2025,9:00p,Los Angeles Lakers,108,Phoenix Suns,132,Box Score,,17071,2:13,Mortgage Matchup Center,
Tue Dec 23 2025,9:00p,Memphis Grizzlies,137,Utah Jazz,128,Box Score,,18186,2:18,Delta Center,
Tue Dec 23 2025,10:00p,Orlando Magic,110,Portland Trail Blazers,106,Box Score,,17073,2:15,Moda Center,
Tue Dec 23 2025,10:00p,Detroit Pistons,136,Sacramento Kings,127,Box Score,,17832,2:31,Golden 1 Center,
Tue Dec 23 2025,10:30p,Houston Rockets,108,Los Angeles Clippers,128,Box Score,,17927,2:13,Intuit Dome,
Thu Dec 25 2025,12:00p,Cleveland Cavaliers,124,New York Knicks,126,Box Score,,19812,2:37,Madison Square Garden (IV),
Thu Dec 25 2025,2:30p,San Antonio Spurs,117,Oklahoma City Thunder,102,Box Score,,18203,2:18,Paycom Center,
Thu Dec 25 2025,5:00p,Dallas Mavericks,116,Golden State Warriors,126,Box Score,,18064,2:24,Chase Center,
Thu Dec 25 2025,8:00p,Houston Rockets,119,Los Angeles Lakers,96,Box Score,,18997,2:14,Crypto.com Arena,
Thu Dec 25 2025,10:30p,Minnesota Timberwolves,138,Denver Nuggets,142,Box Score,OT,20046,2:59,Ball Arena,
Fri Dec 26 2025,7:00p,Miami Heat,126,Atlanta Hawks,111,Box Score,,15664,2:08,State Farm Arena,
Fri Dec 26 2025,7:00p,Boston Celtics,140,Indiana Pacers,122,Box Score,,17004,2:23,Gainbridge Fieldhouse,
Fri Dec 26 2025,7:00p,Charlotte Hornets,120,Orlando Magic,105,Box Score,,19397,2:18,Kia Center,
Fri Dec 26 2025,7:00p,Toronto Raptors,117,Washington Wizards,138,Box Score,,15575,2:07,Capital One Arena,
Fri Dec 26 2025,7:30p,Philadelphia 76ers,102,Chicago Bulls,109,Box Score,,20952,2:26,United Center,
Fri Dec 26 2025,8:00p,Milwaukee Bucks,104,Memphis Grizzlies,125,Box Score,,16617,2:14,FedExForum,
Fri Dec 26 2025,8:00p,Phoenix Suns,115,New Orleans Pelicans,108,Box Score,,16643,2:30,Smoothie King Center,
Fri Dec 26 2025,9:30p,Detroit Pistons,129,Utah Jazz,131,Box Score,,18186,2:21,Delta Center,
Fri Dec 26 2025,10:00p,Los Angeles Clippers,119,Portland Trail Blazers,103,Box Score,,17839,2:22,Moda Center,
Sat Dec 27 2025,5:00p,Dallas Mavericks,107,Sacramento Kings,113,Box Score,,17832,2:06,Golden 1 Center,
Sat Dec 27 2025,7:00p,Phoenix Suns,123,New Orleans Pelicans,114,Box Score,,16914,2:20,Smoothie King Center,
Sat Dec 27 2025,7:00p,Denver Nuggets,126,Orlando Magic,127,Box Score,,19151,2:28,Kia Center,
Sat Dec 27 2025,8:00p,New York Knicks,128,Atlanta Hawks,125,Box Score,,17809,2:30,State Farm Arena,
Sat Dec 27 2025,8:00p,Milwaukee Bucks,112,Chicago Bulls,103,Box Score,,20934,2:14,United Center,
Sat Dec 27 2025,8:00p,Cleveland Cavaliers,100,Houston Rockets,117,Box Score,,18067,2:03,Toyota Center,
Sat Dec 27 2025,8:00p,Indiana Pacers,116,Miami Heat,142,Box Score,,19715,2:12,Kaseya Center,
Sat Dec 27 2025,8:00p,Brooklyn Nets,123,Minnesota Timberwolves,107,Box Score,,18978,2:10,Target Center,
Sat Dec 27 2025,8:00p,Utah Jazz,127,San Antonio Spurs,114,Box Score,,19060,2:16,Frost Bank Center,
Sun Dec 28 2025,3:30p,Philadelphia 76ers,104,Oklahoma City Thunder,129,Box Score,,18203,2:14,Paycom Center,
Sun Dec 28 2025,3:30p,Golden State Warriors,127,Toronto Raptors,141,Box Score,OT,19800,2:36,Scotiabank Arena,
Sun Dec 28 2025,6:00p,Boston Celtics,108,Portland Trail Blazers,114,Box Score,,17949,2:16,Moda Center,
Sun Dec 28 2025,6:00p,Memphis Grizzlies,112,Washington Wizards,116,Box Score,,16681,2:22,Capital One Arena,
Sun Dec 28 2025,9:00p,Detroit Pistons,99,Los Angeles Clippers,112,Box Score,,17927,2:19,Intuit Dome,
Sun Dec 28 2025,9:30p,Sacramento Kings,101,Los Angeles Lakers,125,Box Score,,18997,2:14,Crypto.com Arena,
Mon Dec 29 2025,7:00p,Milwaukee Bucks,123,Charlotte Hornets,113,Box Score,,19562,2:12,Spectrum Center,
Mon Dec 29 2025,7:00p,Phoenix Suns,115,Washington Wizards,101,Box Score,,16982,2:07,Capital One Arena,
Mon Dec 29 2025,7:30p,Golden State Warriors,120,Brooklyn Nets,107,Box Score,,18163,2:24,Barclays Center,
Mon Dec 29 2025,7:30p,Denver Nuggets,123,Miami Heat,147,Box Score,,20047,2:07,Kaseya Center,
Mon Dec 29 2025,7:30p,Orlando Magic,106,Toronto Raptors,107,Box Score,,19800,2:16,Scotiabank Arena,
Mon Dec 29 2025,8:00p,Minnesota Timberwolves,136,Chicago Bulls,101,Box Score,,21429,2:09,United Center,
Mon Dec 29 2025,8:00p,Indiana Pacers,119,Houston Rockets,126,Box Score,,18055,2:11,Toyota Center,
Mon Dec 29 2025,8:00p,New York Knicks,130,New Orleans Pelicans,125,Box Score,,17041,2:24,Smoothie King Center,
Mon Dec 29 2025,8:00p,Atlanta Hawks,129,Oklahoma City Thunder,140,Box Score,,18203,2:19,Paycom Center,
Mon Dec 29 2025,8:00p,Cleveland Cavaliers,113,San Antonio Spurs,101,Box Score,,19010,2:23,Frost Bank Center,
Mon Dec 29 2025,10:30p,Dallas Mavericks,122,Portland Trail Blazers,125,Box Score,,18067,2:23,Moda Center,
Tue Dec 30 2025,8:00p,Philadelphia 76ers,139,Memphis Grizzlies,136,Box Score,OT,15668,2:39,FedExForum,
Tue Dec 30 2025,9:00p,Boston Celtics,129,Utah Jazz,119,Box Score,,18186,2:08,Delta Center,
Tue Dec 30 2025,10:30p,Detroit Pistons,128,Los Angeles Lakers,106,Box Score,,18997,2:32,Crypto.com Arena,
Tue Dec 30 2025,11:00p,Sacramento Kings,90,Los Angeles Clippers,131,Box Score,,17927,2:10,Intuit Dome,
Wed Dec 31 2025,1:00p,Golden State Warriors,132,Charlotte Hornets,125,Box Score,,19685,2:17,Spectrum Center,
Wed Dec 31 2025,3:00p,Minnesota Timberwolves,102,Atlanta Hawks,126,Box Score,,16345,2:03,State Farm Arena,
Wed Dec 31 2025,3:00p,Orlando Magic,112,Indiana Pacers,110,Box Score,,16504,2:27,Gainbridge Fieldhouse,
Wed Dec 31 2025,3:30p,Phoenix Suns,113,Cleveland Cavaliers,129,Box Score,,19432,2:10,Rocket Arena,
Wed Dec 31 2025,7:00p,New Orleans Pelicans,118,Chicago Bulls,134,Box Score,,20527,2:15,United Center,
Wed Dec 31 2025,7:00p,New York Knicks,132,San Antonio Spurs,134,Box Score,,18602,2:45,Frost Bank Center,
Wed Dec 31 2025,7:30p,Denver Nuggets,106,Toronto Raptors,103,Box Score,,19181,2:26,Scotiabank Arena,
Wed Dec 31 2025,8:00p,Washington Wizards,114,Milwaukee Bucks,113,Box Score,,17341,2:13,Fiserv Forum,
Wed Dec 31 2025,8:00p,Portland Trail Blazers,95,Oklahoma City Thunder,124,Box Score,,18203,2:05,Paycom Center,
Thu Jan 1 2026,6:00p,Houston Rockets,120,Brooklyn Nets,96,Box Score,,18003,2:10,Barclays Center,
Thu Jan 1 2026,7:00p,Miami Heat,118,Detroit Pistons,112,Box Score,,20062,2:21,Little Caesars Arena,
Thu Jan 1 2026,8:30p,Philadelphia 76ers,123,Dallas Mavericks,108,Box Score,,19832,2:03,American Airlines Center,
Thu Jan 1 2026,10:00p,Boston Celtics,120,Sacramento Kings,106,Box Score,,17832,2:07,Golden 1 Center,
Thu Jan 1 2026,10:30p,Utah Jazz,101,Los Angeles Clippers,118,Box Score,,17927,2:19,Intuit Dome,
Fri Jan 2 2026,7:00p,San Antonio Spurs,123,Indiana Pacers,113,Box Score,,17013,2:22,Gainbridge Fieldhouse,
Fri Jan 2 2026,7:00p,Brooklyn Nets,99,Washington Wizards,119,Box Score,,16486,2:14,Capital One Arena,
Fri Jan 2 2026,7:30p,Denver Nuggets,108,Cleveland Cavaliers,113,Box Score,,19432,2:13,Rocket Arena,
Fri Jan 2 2026,7:30p,Atlanta Hawks,111,New York Knicks,99,Box Score,,19812,2:15,Madison Square Garden (IV),
Fri Jan 2 2026,8:00p,Orlando Magic,114,Chicago Bulls,121,Box Score,,21245,2:11,United Center,
Fri Jan 2 2026,8:00p,Charlotte Hornets,121,Milwaukee Bucks,122,Box Score,,17673,2:23,Fiserv Forum,
Fri Jan 2 2026,8:00p,Portland Trail Blazers,122,New Orleans Pelicans,109,Box Score,,16812,2:22,Smoothie King Center,
Fri Jan 2 2026,9:00p,Sacramento Kings,102,Phoenix Suns,129,Box Score,,17071,2:17,Mortgage Matchup Center,
Fri Jan 2 2026,10:00p,Oklahoma City Thunder,131,Golden State Warriors,94,Box Score,,18064,2:15,Chase Center,
Fri Jan 2 2026,10:30p,Memphis Grizzlies,121,Los Angeles Lakers,128,Box Score,,18997,2:21,Crypto.com Arena,
Sat Jan 3 2026,5:00p,Minnesota Timberwolves,125,Miami Heat,115,Box Score,,19893,2:21,Kaseya Center,
Sat Jan 3 2026,7:30p,Philadelphia 76ers,130,New York Knicks,119,Box Score,,19812,2:18,Madison Square Garden (IV),
Sat Jan 3 2026,7:30p,Atlanta Hawks,117,Toronto Raptors,134,Box Score,,19028,2:09,Scotiabank Arena,
Sat Jan 3 2026,8:00p,Charlotte Hornets,112,Chicago Bulls,99,Box Score,,21315,2:09,United Center,
Sat Jan 3 2026,8:00p,Portland Trail Blazers,115,San Antonio Spurs,110,Box Score,,18652,2:18,Frost Bank Center,
Sat Jan 3 2026,8:30p,Houston Rockets,104,Dallas Mavericks,110,Box Score,,19703,2:10,American Airlines Center,
Sat Jan 3 2026,10:00p,Utah Jazz,114,Golden State Warriors,123,Box Score,,18064,,Chase Center,
Sat Jan 3 2026,10:30p,Boston Celtics,146,Los Angeles Clippers,115,Box Score,,17927,2:05,Intuit Dome,
Sun Jan 4 2026,2:00p,Detroit Pistons,114,Cleveland Cavaliers,110,Box Score,,19432,2:21,Rocket Arena,
Sun Jan 4 2026,3:00p,Indiana Pacers,127,Orlando Magic,135,Box Score,,19382,2:23,Kia Center,
Sun Jan 4 2026,3:30p,Denver Nuggets,115,Brooklyn Nets,127,Box Score,,17548,2:18,Barclays Center,
Sun Jan 4 2026,6:00p,New Orleans Pelicans,106,Miami Heat,125,Box Score,,19600,2:04,Kaseya Center,
Sun Jan 4 2026,6:00p,Minnesota Timberwolves,141,Washington Wizards,115,Box Score,,16728,2:04,Capital One Arena,
Sun Jan 4 2026,8:00p,Oklahoma City Thunder,105,Phoenix Suns,108,Box Score,,17071,2:27,Mortgage Matchup Center,
Sun Jan 4 2026,9:00p,Milwaukee Bucks,115,Sacramento Kings,98,Box Score,,15892,2:19,Golden 1 Center,
Sun Jan 4 2026,9:30p,Memphis Grizzlies,114,Los Angeles Lakers,120,Box Score,,18997,2:28,Crypto.com Arena,
Mon Jan 5 2026,7:00p,New York Knicks,90,Detroit Pistons,121,Box Score,,20032,2:14,Little Caesars Arena,
Mon Jan 5 2026,7:30p,Chicago Bulls,101,Boston Celtics,115,Box Score,,19156,1:59,TD Garden,
Mon Jan 5 2026,7:30p,Atlanta Hawks,100,Toronto Raptors,118,Box Score,,17194,2:14,Scotiabank Arena,
Mon Jan 5 2026,8:00p,Phoenix Suns,97,Houston Rockets,100,Box Score,,18055,2:27,Toyota Center,
Mon Jan 5 2026,8:00p,Charlotte Hornets,124,Oklahoma City Thunder,97,Box Score,,18203,2:13,Paycom Center,
Mon Jan 5 2026,8:30p,Denver Nuggets,125,Philadelphia 76ers,124,Box Score,OT,18521,2:32,Xfinity Mobile Arena,
Mon Jan 5 2026,10:00p,Golden State Warriors,102,Los Angeles Clippers,103,Box Score,,17927,2:24,Intuit Dome,
Mon Jan 5 2026,10:00p,Utah Jazz,117,Portland Trail Blazers,137,Box Score,,16785,2:00,Moda Center,
Tue Jan 6 2026,7:00p,Cleveland Cavaliers,120,Indiana Pacers,116,Box Score,,16007,2:16,Gainbridge Fieldhouse,
Tue Jan 6 2026,7:00p,Orlando Magic,112,Washington Wizards,120,Box Score,,13724,2:13,Capital One Arena,
Tue Jan 6 2026,8:00p,San Antonio Spurs,105,Memphis Grizzlies,106,Box Score,,14551,2:11,FedExForum,
Tue Jan 6 2026,8:00p,Miami Heat,94,Minnesota Timberwolves,122,Box Score,,17023,2:13,Target Center,
Tue Jan 6 2026,8:00p,Los Angeles Lakers,111,New Orleans Pelicans,103,Box Score,,18227,2:14,Smoothie King Center,
Tue Jan 6 2026,11:00p,Dallas Mavericks,100,Sacramento Kings,98,Box Score,,15058,2:26,Golden 1 Center,
Wed Jan 7 2026,7:00p,Denver Nuggets,114,Boston Celtics,110,Box Score,,19156,2:18,TD Garden,
Wed Jan 7 2026,7:00p,Toronto Raptors,97,Charlotte Hornets,96,Box Score,,17337,2:14,Spectrum Center,
Wed Jan 7 2026,7:00p,Chicago Bulls,93,Detroit Pistons,108,Box Score,,19501,2:04,Little Caesars Arena,
Wed Jan 7 2026,7:00p,Washington Wizards,110,Philadelphia 76ers,131,Box Score,,19746,2:08,Xfinity Mobile Arena,
Wed Jan 7 2026,7:30p,New Orleans Pelicans,100,Atlanta Hawks,117,Box Score,,15993,2:12,State Farm Arena,
Wed Jan 7 2026,7:30p,Orlando Magic,104,Brooklyn Nets,103,Box Score,OT,16916,2:33,Barclays Center,
Wed Jan 7 2026,7:30p,Los Angeles Clippers,111,New York Knicks,123,Box Score,,19812,2:07,Madison Square Garden (IV),
Wed Jan 7 2026,8:00p,Phoenix Suns,117,Memphis Grizzlies,98,Box Score,,14268,2:08,FedExForum,
Wed Jan 7 2026,8:00p,Utah Jazz,125,Oklahoma City Thunder,129,Box Score,OT,18203,2:38,Paycom Center,
Wed Jan 7 2026,9:30p,Los Angeles Lakers,91,San Antonio Spurs,107,Box Score,,19329,2:17,Frost Bank Center,
Wed Jan 7 2026,10:00p,Milwaukee Bucks,113,Golden State Warriors,120,Box Score,,18064,2:11,Chase Center,
Wed Jan 7 2026,10:00p,Houston Rockets,102,Portland Trail Blazers,103,Box Score,,16144,2:27,Moda Center,
Thu Jan 8 2026,7:00p,Indiana Pacers,114,Charlotte Hornets,112,Box Score,,17342,2:24,Spectrum Center,
Thu Jan 8 2026,8:00p,Cleveland Cavaliers,122,Minnesota Timberwolves,131,Box Score,,17274,2:16,Target Center,
Thu Jan 8 2026,9:00p,Dallas Mavericks,114,Utah Jazz,116,Box Score,,18186,2:01,Delta Center,
Fri Jan 9 2026,7:00p,Toronto Raptors,117,Boston Celtics,125,Box Score,,19156,2:04,TD Garden,
Fri Jan 9 2026,7:00p,Philadelphia 76ers,103,Orlando Magic,91,Box Score,,19271,2:16,Kia Center,
Fri Jan 9 2026,7:00p,New Orleans Pelicans,128,Washington Wizards,107,Box Score,,16563,2:15,Capital One Arena,
Fri Jan 9 2026,7:30p,Los Angeles Clippers,121,Brooklyn Nets,105,Box Score,,17548,2:10,Barclays Center,
Fri Jan 9 2026,8:00p,Oklahoma City Thunder,117,Memphis Grizzlies,116,Box Score,,15717,2:24,FedExForum,
Fri Jan 9 2026,9:00p,Atlanta Hawks,110,Denver Nuggets,87,Box Score,,19650,2:00,Ball Arena,
Fri Jan 9 2026,9:00p,New York Knicks,107,Phoenix Suns,112,Box Score,,17071,2:27,Mortgage Matchup Center,
Fri Jan 9 2026,10:00p,Sacramento Kings,103,Golden State Warriors,137,Box Score,,18064,2:05,Chase Center,
Fri Jan 9 2026,10:00p,Houston Rockets,105,Portland Trail Blazers,111,Box Score,,17012,2:16,Moda Center,
Fri Jan 9 2026,10:30p,Milwaukee Bucks,105,Los Angeles Lakers,101,Box Score,,18997,2:08,Crypto.com Arena,
Sat Jan 10 2026,1:00p,Minnesota Timberwolves,134,Cleveland Cavaliers,146,Box Score,,19432,2:14,Rocket Arena,
Sat Jan 10 2026,7:00p,Miami Heat,99,Indiana Pacers,123,Box Score,,17274,2:12,Gainbridge Fieldhouse,
Sat Jan 10 2026,7:30p,Los Angeles Clippers,98,Detroit Pistons,92,Box Score,,20062,2:27,Little Caesars Arena,
Sat Jan 10 2026,8:00p,San Antonio Spurs,100,Boston Celtics,95,Box Score,,19156,2:07,TD Garden,
Sat Jan 10 2026,8:00p,Dallas Mavericks,107,Chicago Bulls,125,Box Score,,19753,2:07,United Center,
Sat Jan 10 2026,9:30p,Charlotte Hornets,150,Utah Jazz,95,Box Score,,18186,2:06,Delta Center,
Sun Jan 11 2026,3:00p,New Orleans Pelicans,118,Orlando Magic,128,Box Score,,19059,2:18,Kia Center,
Sun Jan 11 2026,3:30p,Brooklyn Nets,98,Memphis Grizzlies,103,Box Score,,15578,2:07,FedExForum,
Sun Jan 11 2026,6:00p,New York Knicks,123,Portland Trail Blazers,114,Box Score,,17867,2:07,Moda Center,
Sun Jan 11 2026,6:00p,Philadelphia 76ers,115,Toronto Raptors,116,Box Score,OT,18130,2:54,Scotiabank Arena,
Sun Jan 11 2026,7:00p,San Antonio Spurs,103,Minnesota Timberwolves,104,Box Score,,18978,2:23,Target Center,
Sun Jan 11 2026,7:00p,Miami Heat,112,Oklahoma City Thunder,124,Box Score,,18203,2:10,Paycom Center,
Sun Jan 11 2026,8:00p,Milwaukee Bucks,104,Denver Nuggets,108,Box Score,,19645,2:17,Ball Arena,
Sun Jan 11 2026,8:00p,Washington Wizards,93,Phoenix Suns,112,Box Score,,17071,2:10,Mortgage Matchup Center,
Sun Jan 11 2026,8:30p,Atlanta Hawks,124,Golden State Warriors,111,Box Score,,18064,2:14,Chase Center,
Sun Jan 11 2026,9:00p,Houston Rockets,98,Sacramento Kings,111,Box Score,,15268,2:17,Golden 1 Center,
Mon Jan 12 2026,7:00p,Utah Jazz,123,Cleveland Cavaliers,112,Box Score,,19432,2:12,Rocket Arena,
Mon Jan 12 2026,7:30p,Boston Celtics,96,Indiana Pacers,98,Box Score,,15650,2:03,Gainbridge Fieldhouse,
Mon Jan 12 2026,7:30p,Philadelphia 76ers,115,Toronto Raptors,102,Box Score,,18127,2:15,Scotiabank Arena,
Mon Jan 12 2026,8:30p,Brooklyn Nets,105,Dallas Mavericks,113,Box Score,,18632,2:09,American Airlines Center,
Mon Jan 12 2026,10:00p,Los Angeles Lakers,112,Sacramento Kings,124,Box Score,,17832,2:12,Golden 1 Center,
Mon Jan 12 2026,10:30p,Charlotte Hornets,109,Los Angeles Clippers,117,Box Score,,17927,2:08,Intuit Dome,
Tue Jan 13 2026,7:30p,Phoenix Suns,121,Miami Heat,127,Box Score,,19700,2:33,Kaseya Center,
Tue Jan 13 2026,8:00p,Chicago Bulls,113,Houston Rockets,119,Box Score,,18055,2:14,Toyota Center,
Tue Jan 13 2026,8:00p,Minnesota Timberwolves,139,Milwaukee Bucks,106,Box Score,,17341,2:02,Fiserv Forum,
Tue Jan 13 2026,8:00p,Denver Nuggets,122,New Orleans Pelicans,116,Box Score,,17309,2:19,Smoothie King Center,
Tue Jan 13 2026,8:00p,San Antonio Spurs,98,Oklahoma City Thunder,119,Box Score,,18203,2:21,Paycom Center,
Tue Jan 13 2026,10:30p,Atlanta Hawks,116,Los Angeles Lakers,141,Box Score,,18757,2:09,Crypto.com Arena,
Tue Jan 13 2026,11:00p,Portland Trail Blazers,97,Golden State Warriors,119,Box Score,,18064,2:16,Chase Center,
Wed Jan 14 2026,7:00p,Toronto Raptors,115,Indiana Pacers,101,Box Score,,15789,2:22,Gainbridge Fieldhouse,
Wed Jan 14 2026,7:00p,Cleveland Cavaliers,133,Philadelphia 76ers,107,Box Score,,19746,2:17,Xfinity Mobile Arena,
Wed Jan 14 2026,8:00p,Utah Jazz,126,Chicago Bulls,128,Box Score,,18859,2:16,United Center,
Wed Jan 14 2026,8:00p,Brooklyn Nets,113,New Orleans Pelicans,116,Box Score,,16201,2:12,Smoothie King Center,
Wed Jan 14 2026,9:30p,Denver Nuggets,118,Dallas Mavericks,109,Box Score,,18888,2:20,American Airlines Center,
Wed Jan 14 2026,10:00p,New York Knicks,101,Sacramento Kings,112,Box Score,,15095,2:23,Golden 1 Center,
Wed Jan 14 2026,10:30p,Washington Wizards,105,Los Angeles Clippers,119,Box Score,,15452,2:14,Intuit Dome,
Thu Jan 15 2026,2:00p,Memphis Grizzlies,111,Orlando Magic,118,Box Score,,13738,2:25,Uber Arena,
Thu Jan 15 2026,7:00p,Phoenix Suns,105,Detroit Pistons,108,Box Score,,19199,2:38,Little Caesars Arena,
Thu Jan 15 2026,7:30p,Oklahoma City Thunder,111,Houston Rockets,91,Box Score,,18055,2:11,Toyota Center,
Thu Jan 15 2026,7:30p,Boston Celtics,119,Miami Heat,114,Box Score,,19700,2:22,Kaseya Center,
Thu Jan 15 2026,8:00p,Milwaukee Bucks,101,San Antonio Spurs,119,Box Score,,18611,2:12,Frost Bank Center,
Thu Jan 15 2026,8:30p,Utah Jazz,122,Dallas Mavericks,144,Box Score,,18613,2:07,American Airlines Center,
Thu Jan 15 2026,10:00p,New York Knicks,113,Golden State Warriors,126,Box Score,,18064,2:26,Chase Center,
Thu Jan 15 2026,10:00p,Atlanta Hawks,101,Portland Trail Blazers,117,Box Score,,16196,2:10,Moda Center,
Thu Jan 15 2026,10:30p,Charlotte Hornets,135,Los Angeles Lakers,117,Box Score,,18997,2:10,Crypto.com Arena,
Fri Jan 16 2026,7:00p,New Orleans Pelicans,119,Indiana Pacers,127,Box Score,,16753,2:07,Gainbridge Fieldhouse,
Fri Jan 16 2026,7:00p,Cleveland Cavaliers,117,Philadelphia 76ers,115,Box Score,,19746,2:21,Xfinity Mobile Arena,
Fri Jan 16 2026,7:30p,Chicago Bulls,109,Brooklyn Nets,112,Box Score,,17548,2:11,Barclays Center,
Fri Jan 16 2026,7:30p,Los Angeles Clippers,121,Toronto Raptors,117,Box Score,OT,18934,2:33,Scotiabank Arena,
Fri Jan 16 2026,9:30p,Minnesota Timberwolves,105,Houston Rockets,110,Box Score,,18055,2:43,Toyota Center,
Fri Jan 16 2026,10:00p,Washington Wizards,115,Sacramento Kings,128,Box Score,,16339,2:22,Golden 1 Center,
Sat Jan 17 2026,5:00p,Utah Jazz,120,Dallas Mavericks,138,Box Score,,20031,2:07,American Airlines Center,
Sat Jan 17 2026,7:30p,Boston Celtics,132,Atlanta Hawks,106,Box Score,,17489,2:05,State Farm Arena,
Sat Jan 17 2026,7:30p,Indiana Pacers,78,Detroit Pistons,121,Box Score,,20062,2:15,Little Caesars Arena,
Sat Jan 17 2026,7:30p,Phoenix Suns,106,New York Knicks,99,Box Score,,19812,2:32,Madison Square Garden (IV),
Sat Jan 17 2026,8:00p,Oklahoma City Thunder,120,Miami Heat,122,Box Score,,19704,2:29,Kaseya Center,
Sat Jan 17 2026,8:00p,Minnesota Timberwolves,123,San Antonio Spurs,126,Box Score,,18527,2:22,Frost Bank Center,
Sat Jan 17 2026,8:30p,Charlotte Hornets,116,Golden State Warriors,136,Box Score,,18064,2:08,Chase Center,
Sat Jan 17 2026,9:00p,Washington Wizards,115,Denver Nuggets,121,Box Score,,19968,2:13,Ball Arena,
Sat Jan 17 2026,10:00p,Los Angeles Lakers,116,Portland Trail Blazers,132,Box Score,,19335,2:21,Moda Center,
Sun Jan 18 2026,12:00p,Orlando Magic,109,Memphis Grizzlies,126,Box Score,,18424,2:17,The O2 Arena,
Sun Jan 18 2026,7:00p,Brooklyn Nets,102,Chicago Bulls,124,Box Score,,19753,2:02,United Center,
Sun Jan 18 2026,7:00p,New Orleans Pelicans,110,Houston Rockets,119,Box Score,,18055,2:02,Toyota Center,
Sun Jan 18 2026,8:00p,Charlotte Hornets,110,Denver Nuggets,87,Box Score,,19971,2:06,Ball Arena,
Sun Jan 18 2026,9:00p,Portland Trail Blazers,117,Sacramento Kings,110,Box Score,,16241,2:15,Golden 1 Center,
Sun Jan 18 2026,9:30p,Toronto Raptors,93,Los Angeles Lakers,110,Box Score,,18997,2:09,Crypto.com Arena,
Mon Jan 19 2026,1:00p,Milwaukee Bucks,112,Atlanta Hawks,110,Box Score,,16284,2:23,State Farm Arena,
Mon Jan 19 2026,2:30p,Oklahoma City Thunder,136,Cleveland Cavaliers,104,Box Score,,19432,2:23,Rocket Arena,
Mon Jan 19 2026,3:00p,Los Angeles Clippers,110,Washington Wizards,106,Box Score,,16630,2:24,Capital One Arena,
Mon Jan 19 2026,5:00p,Dallas Mavericks,114,New York Knicks,97,Box Score,,19812,2:20,Madison Square Garden (IV),
Mon Jan 19 2026,5:00p,Utah Jazz,110,San Antonio Spurs,123,Box Score,,18354,2:19,Frost Bank Center,
Mon Jan 19 2026,7:00p,Indiana Pacers,104,Philadelphia 76ers,113,Box Score,,18005,2:14,Xfinity Mobile Arena,
Mon Jan 19 2026,7:30p,Phoenix Suns,126,Brooklyn Nets,117,Box Score,,17344,2:14,Barclays Center,
Mon Jan 19 2026,8:00p,Boston Celtics,103,Detroit Pistons,104,Box Score,,19996,2:28,Little Caesars Arena,
Mon Jan 19 2026,10:00p,Miami Heat,112,Golden State Warriors,135,Box Score,,18064,2:11,Chase Center,
Tue Jan 20 2026,7:00p,Phoenix Suns,116,Philadelphia 76ers,110,Box Score,,17839,2:20,Xfinity Mobile Arena,
Tue Jan 20 2026,8:00p,Los Angeles Clippers,110,Chicago Bulls,138,Box Score,,18536,2:02,United Center,
Tue Jan 20 2026,8:00p,San Antonio Spurs,106,Houston Rockets,111,Box Score,,18055,2:21,Toyota Center,
Tue Jan 20 2026,9:00p,Minnesota Timberwolves,122,Utah Jazz,127,Box Score,,18186,2:21,Delta Center,
Tue Jan 20 2026,10:00p,Los Angeles Lakers,115,Denver Nuggets,107,Box Score,,19974,2:21,Ball Arena,
Tue Jan 20 2026,10:00p,Toronto Raptors,145,Golden State Warriors,127,Box Score,,18064,2:20,Chase Center,
Tue Jan 20 2026,10:00p,Miami Heat,130,Sacramento Kings,117,Box Score,,15295,2:17,Golden 1 Center,
Wed Jan 21 2026,7:00p,Cleveland Cavaliers,94,Charlotte Hornets,87,Box Score,,17619,2:34,Spectrum Center,
Wed Jan 21 2026,7:30p,Indiana Pacers,104,Boston Celtics,119,Box Score,,19156,2:14,TD Garden,
Wed Jan 21 2026,7:30p,Brooklyn Nets,66,New York Knicks,120,Box Score,,19812,2:06,Madison Square Garden (IV),
Wed Jan 21 2026,8:00p,Atlanta Hawks,124,Memphis Grizzlies,122,Box Score,,15054,2:20,FedExForum,
Wed Jan 21 2026,8:00p,Detroit Pistons,112,New Orleans Pelicans,104,Box Score,,15502,2:09,Smoothie King Center,
Wed Jan 21 2026,9:30p,Oklahoma City Thunder,122,Milwaukee Bucks,102,Box Score,,16594,2:11,Fiserv Forum,
Wed Jan 21 2026,10:00p,Toronto Raptors,122,Sacramento Kings,109,Box Score,,16182,2:18,Golden 1 Center,
Thu Jan 22 2026,7:00p,Charlotte Hornets,124,Orlando Magic,97,Box Score,,19423,2:07,Kia Center,
Thu Jan 22 2026,7:00p,Houston Rockets,122,Philadelphia 76ers,128,Box Score,OT,19746,2:25,Xfinity Mobile Arena,
Thu Jan 22 2026,7:00p,Denver Nuggets,107,Washington Wizards,97,Box Score,,15040,2:14,Capital One Arena,
Thu Jan 22 2026,7:30p,Golden State Warriors,115,Dallas Mavericks,123,Box Score,,19432,2:28,American Airlines Center,
Thu Jan 22 2026,8:00p,Chicago Bulls,120,Minnesota Timberwolves,115,Box Score,,17463,2:16,Target Center,
Thu Jan 22 2026,9:00p,San Antonio Spurs,126,Utah Jazz,109,Box Score,,18186,2:14,Delta Center,
Thu Jan 22 2026,10:00p,Los Angeles Lakers,104,Los Angeles Clippers,112,Box Score,,17927,2:22,Intuit Dome,
Thu Jan 22 2026,10:00p,Miami Heat,110,Portland Trail Blazers,127,Box Score,,16824,2:08,Moda Center,
Fri Jan 23 2026,7:00p,Houston Rockets,111,Detroit Pistons,104,Box Score,,20062,2:35,Little Caesars Arena,
Fri Jan 23 2026,7:30p,Phoenix Suns,103,Atlanta Hawks,110,Box Score,,15461,2:05,State Farm Arena,
Fri Jan 23 2026,7:30p,Boston Celtics,130,Brooklyn Nets,126,Box Score,2OT,17727,2:48,Barclays Center,
Fri Jan 23 2026,7:30p,Sacramento Kings,118,Cleveland Cavaliers,123,Box Score,,19432,2:17,Rocket Arena,
Fri Jan 23 2026,8:00p,New Orleans Pelicans,133,Memphis Grizzlies,127,Box Score,,14174,2:19,FedExForum,
Fri Jan 23 2026,8:00p,Indiana Pacers,117,Oklahoma City Thunder,114,Box Score,,18203,2:23,Paycom Center,
Fri Jan 23 2026,9:30p,Denver Nuggets,102,Milwaukee Bucks,100,Box Score,,17341,2:28,Fiserv Forum,
Fri Jan 23 2026,10:00p,Toronto Raptors,110,Portland Trail Blazers,98,Box Score,,17438,2:08,Moda Center,
Sat Jan 24 2026,12:00p,Washington Wizards,115,Charlotte Hornets,119,Box Score,,15698,2:10,Spectrum Center,
Sat Jan 24 2026,3:00p,New York Knicks,112,Philadelphia 76ers,109,Box Score,,19746,2:37,Xfinity Mobile Arena,
Sat Jan 24 2026,7:00p,Cleveland Cavaliers,119,Orlando Magic,105,Box Score,,19351,2:25,Kia Center,
Sat Jan 24 2026,8:00p,Boston Celtics,111,Chicago Bulls,114,Box Score,,22093,2:13,United Center,
Sat Jan 24 2026,8:30p,Los Angeles Lakers,116,Dallas Mavericks,110,Box Score,,19880,2:23,American Airlines Center,
Sat Jan 24 2026,9:30p,Miami Heat,147,Utah Jazz,116,Box Score,,18186,2:21,Delta Center,
Sun Jan 25 2026,3:00p,Sacramento Kings,116,Detroit Pistons,139,Box Score,,18299,2:27,Little Caesars Arena,
Sun Jan 25 2026,5:30p,Golden State Warriors,111,Minnesota Timberwolves,85,Box Score,,18978,2:07,Target Center,
Sun Jan 25 2026,7:00p,Toronto Raptors,103,Oklahoma City Thunder,101,Box Score,,18203,2:20,Paycom Center,
Sun Jan 25 2026,7:00p,New Orleans Pelicans,104,San Antonio Spurs,95,Box Score,,18363,2:14,Frost Bank Center,
Sun Jan 25 2026,8:00p,Miami Heat,111,Phoenix Suns,102,Box Score,,17071,2:27,Mortgage Matchup Center,
Sun Jan 25 2026,9:00p,Brooklyn Nets,89,Los Angeles Clippers,126,Box Score,,17927,,Intuit Dome,
Mon Jan 26 2026,1:30p,Indiana Pacers,116,Atlanta Hawks,132,Box Score,,12210,2:09,State Farm Arena,
Mon Jan 26 2026,3:00p,Philadelphia 76ers,93,Charlotte Hornets,130,Box Score,,16361,2:14,Spectrum Center,
Mon Jan 26 2026,7:00p,Orlando Magic,98,Cleveland Cavaliers,114,Box Score,,19432,2:21,Rocket Arena,
Mon Jan 26 2026,8:00p,Portland Trail Blazers,94,Boston Celtics,102,Box Score,,19156,,TD Garden,
Mon Jan 26 2026,8:00p,Los Angeles Lakers,129,Chicago Bulls,118,Box Score,,21298,2:10,United Center,
Mon Jan 26 2026,8:00p,Memphis Grizzlies,99,Houston Rockets,108,Box Score,,18055,2:12,Toyota Center,
Mon Jan 26 2026,9:30p,Golden State Warriors,83,Minnesota Timberwolves,108,Box Score,,18978,2:08,Target Center,
Tue Jan 27 2026,7:00p,Portland Trail Blazers,111,Washington Wizards,115,Box Score,,13852,2:16,Capital One Arena,
Tue Jan 27 2026,7:30p,Sacramento Kings,87,New York Knicks,103,Box Score,,19812,2:13,Madison Square Garden (IV),
Tue Jan 27 2026,8:00p,New Orleans Pelicans,95,Oklahoma City Thunder,104,Box Score,,18203,2:15,Paycom Center,
Tue Jan 27 2026,8:00p,Milwaukee Bucks,122,Philadelphia 76ers,139,Box Score,,16917,2:17,Xfinity Mobile Arena,
Tue Jan 27 2026,9:00p,Detroit Pistons,109,Denver Nuggets,107,Box Score,,19734,2:10,Ball Arena,
Tue Jan 27 2026,9:00p,Brooklyn Nets,102,Phoenix Suns,106,Box Score,,17071,2:35,Mortgage Matchup Center,
Tue Jan 27 2026,10:00p,Los Angeles Clippers,115,Utah Jazz,103,Box Score,,18186,2:17,Delta Center,
Wed Jan 28 2026,7:00p,Los Angeles Lakers,99,Cleveland Cavaliers,129,Box Score,,19432,2:13,Rocket Arena,
Wed Jan 28 2026,7:00p,Chicago Bulls,110,Indiana Pacers,113,Box Score,,16777,2:17,Gainbridge Fieldhouse,
Wed Jan 28 2026,7:30p,Atlanta Hawks,117,Boston Celtics,106,Box Score,,19156,2:10,TD Garden,
Wed Jan 28 2026,7:30p,Orlando Magic,133,Miami Heat,124,Box Score,,19700,2:20,Kaseya Center,
Wed Jan 28 2026,7:30p,New York Knicks,119,Toronto Raptors,92,Box Score,,19511,2:12,Scotiabank Arena,
Wed Jan 28 2026,8:00p,Charlotte Hornets,112,Memphis Grizzlies,97,Box Score,,13301,2:01,FedExForum,
Wed Jan 28 2026,8:30p,Minnesota Timberwolves,118,Dallas Mavericks,105,Box Score,,18680,2:13,American Airlines Center,
Wed Jan 28 2026,9:00p,Golden State Warriors,140,Utah Jazz,124,Box Score,,18186,2:12,Delta Center,
Wed Jan 28 2026,9:30p,San Antonio Spurs,111,Houston Rockets,99,Box Score,,18055,2:18,Toyota Center,
Thu Jan 29 2026,7:00p,Sacramento Kings,111,Philadelphia 76ers,113,Box Score,,18608,2:25,Xfinity Mobile Arena,
Thu Jan 29 2026,7:00p,Milwaukee Bucks,99,Washington Wizards,109,Box Score,,16235,2:23,Capital One Arena,
Thu Jan 29 2026,8:00p,Houston Rockets,104,Atlanta Hawks,86,Box Score,,16602,2:09,State Farm Arena,
Thu Jan 29 2026,8:00p,Miami Heat,116,Chicago Bulls,113,Box Score,,20685,2:21,United Center,
Thu Jan 29 2026,8:30p,Charlotte Hornets,123,Dallas Mavericks,121,Box Score,,19024,2:39,American Airlines Center,
Thu Jan 29 2026,9:00p,Brooklyn Nets,103,Denver Nuggets,107,Box Score,,19630,2:17,Ball Arena,
Thu Jan 29 2026,9:00p,Detroit Pistons,96,Phoenix Suns,114,Box Score,,17071,2:16,Mortgage Matchup Center,
Thu Jan 29 2026,9:30p,Oklahoma City Thunder,111,Minnesota Timberwolves,123,Box Score,,18012,2:21,Target Center,
Fri Jan 30 2026,7:00p,Los Angeles Lakers,142,Washington Wizards,111,Box Score,,20028,2:06,Capital One Arena,
Fri Jan 30 2026,7:30p,Sacramento Kings,93,Boston Celtics,112,Box Score,,19156,2:08,TD Garden,
Fri Jan 30 2026,7:30p,Memphis Grizzlies,106,New Orleans Pelicans,114,Box Score,,16446,2:07,Smoothie King Center,
Fri Jan 30 2026,7:30p,Portland Trail Blazers,97,New York Knicks,127,Box Score,,19812,2:13,Madison Square Garden (IV),
Fri Jan 30 2026,7:30p,Toronto Raptors,120,Orlando Magic,130,Box Score,,19163,2:36,Kia Center,
Fri Jan 30 2026,9:00p,Los Angeles Clippers,109,Denver Nuggets,122,Box Score,,20016,2:13,Ball Arena,
Fri Jan 30 2026,9:00p,Cleveland Cavaliers,113,Phoenix Suns,126,Box Score,,17071,2:15,Mortgage Matchup Center,
Fri Jan 30 2026,9:30p,Brooklyn Nets,109,Utah Jazz,99,Box Score,,18186,2:07,Delta Center,
Fri Jan 30 2026,10:00p,Detroit Pistons,131,Golden State Warriors,124,Box Score,,18064,2:35,Chase Center,
Sat Jan 31 2026,12:00p,San Antonio Spurs,106,Charlotte Hornets,111,Box Score,,19533,2:23,Spectrum Center,
Sat Jan 31 2026,7:00p,Atlanta Hawks,124,Indiana Pacers,129,Box Score,,17010,2:17,Gainbridge Fieldhouse,
Sat Jan 31 2026,7:30p,New Orleans Pelicans,114,Philadelphia 76ers,124,Box Score,,20096,2:09,Xfinity Mobile Arena,
Sat Jan 31 2026,8:00p,Minnesota Timberwolves,131,Memphis Grizzlies,114,Box Score,,15372,2:08,FedExForum,
Sat Jan 31 2026,8:00p,Chicago Bulls,125,Miami Heat,118,Box Score,,19700,2:29,Kaseya Center,
Sat Jan 31 2026,8:30p,Dallas Mavericks,107,Houston Rockets,111,Box Score,,18055,2:15,Toyota Center,
Sun Feb 1 2026,3:30p,Milwaukee Bucks,79,Boston Celtics,107,Box Score,,19156,2:09,TD Garden,
Sun Feb 1 2026,6:00p,Brooklyn Nets,77,Detroit Pistons,130,Box Score,,19899,2:10,Little Caesars Arena,
Sun Feb 1 2026,6:00p,Chicago Bulls,91,Miami Heat,134,Box Score,,19700,2:11,Kaseya Center,
Sun Feb 1 2026,6:00p,Utah Jazz,100,Toronto Raptors,107,Box Score,,18749,2:20,Scotiabank Arena,
Sun Feb 1 2026,6:00p,Sacramento Kings,112,Washington Wizards,116,Box Score,,13102,2:15,Capital One Arena,
Sun Feb 1 2026,7:00p,Los Angeles Lakers,100,New York Knicks,112,Box Score,,19812,2:11,Madison Square Garden (IV),
Sun Feb 1 2026,8:00p,Los Angeles Clippers,117,Phoenix Suns,93,Box Score,,17071,2:26,Mortgage Matchup Center,
Sun Feb 1 2026,9:00p,Cleveland Cavaliers,130,Portland Trail Blazers,111,Box Score,,17240,2:05,Moda Center,
Sun Feb 1 2026,9:00p,Orlando Magic,103,San Antonio Spurs,112,Box Score,,18354,2:18,Frost Bank Center,
Sun Feb 1 2026,9:30p,Oklahoma City Thunder,121,Denver Nuggets,111,Box Score,,19900,2:18,Ball Arena,
Mon Feb 2 2026,3:00p,New Orleans Pelicans,95,Charlotte Hornets,102,Box Score,,17263,2:18,Spectrum Center,
Mon Feb 2 2026,7:00p,Houston Rockets,118,Indiana Pacers,114,Box Score,,16511,2:21,Gainbridge Fieldhouse,
Mon Feb 2 2026,7:30p,Minnesota Timberwolves,128,Memphis Grizzlies,137,Box Score,,14005,2:31,FedExForum,
Mon Feb 2 2026,10:00p,Philadelphia 76ers,128,Los Angeles Clippers,113,Box Score,,17927,2:18,Intuit Dome,
Tue Feb 3 2026,7:00p,Denver Nuggets,121,Detroit Pistons,124,Box Score,,19976,2:35,Little Caesars Arena,
Tue Feb 3 2026,7:00p,Utah Jazz,131,Indiana Pacers,122,Box Score,,16678,2:02,Gainbridge Fieldhouse,
Tue Feb 3 2026,7:00p,New York Knicks,132,Washington Wizards,101,Box Score,,17822,2:16,Capital One Arena,
Tue Feb 3 2026,7:30p,Los Angeles Lakers,125,Brooklyn Nets,109,Box Score,,18248,2:10,Barclays Center,
Tue Feb 3 2026,7:30p,Atlanta Hawks,127,Miami Heat,115,Box Score,,19700,2:28,Kaseya Center,
Tue Feb 3 2026,8:00p,Boston Celtics,110,Dallas Mavericks,100,Box Score,,19132,2:15,American Airlines Center,
Tue Feb 3 2026,8:00p,Chicago Bulls,115,Milwaukee Bucks,131,Box Score,,17341,2:03,Fiserv Forum,
Tue Feb 3 2026,8:00p,Orlando Magic,92,Oklahoma City Thunder,128,Box Score,,18203,2:11,Paycom Center,
Tue Feb 3 2026,10:00p,Philadelphia 76ers,113,Golden State Warriors,94,Box Score,,18064,2:05,Chase Center,
Tue Feb 3 2026,11:00p,Phoenix Suns,130,Portland Trail Blazers,125,Box Score,,16092,2:22,Moda Center,
Wed Feb 4 2026,7:00p,Denver Nuggets,127,New York Knicks,134,Box Score,2OT,19812,2:58,Madison Square Garden (IV),
Wed Feb 4 2026,7:30p,Minnesota Timberwolves,128,Toronto Raptors,126,Box Score,,18775,2:19,Scotiabank Arena,
Wed Feb 4 2026,8:00p,Boston Celtics,114,Houston Rockets,93,Box Score,,18055,2:08,Toyota Center,
Wed Feb 4 2026,8:00p,New Orleans Pelicans,137,Milwaukee Bucks,141,Box Score,OT,14343,2:34,Fiserv Forum,
Wed Feb 4 2026,9:30p,Oklahoma City Thunder,106,San Antonio Spurs,116,Box Score,,18354,2:12,Frost Bank Center,
Wed Feb 4 2026,10:00p,Memphis Grizzlies,129,Sacramento Kings,125,Box Score,,15017,2:24,Golden 1 Center,
Wed Feb 4 2026,10:30p,Cleveland Cavaliers,124,Los Angeles Clippers,91,Box Score,,17927,1:58,Intuit Dome,
Thu Feb 5 2026,7:00p,Washington Wizards,126,Detroit Pistons,117,Box Score,,19401,2:13,Little Caesars Arena,
Thu Feb 5 2026,7:00p,Brooklyn Nets,98,Orlando Magic,118,Box Score,,18093,2:25,Kia Center,
Thu Feb 5 2026,7:30p,Utah Jazz,119,Atlanta Hawks,121,Box Score,,15412,2:17,State Farm Arena,
Thu Feb 5 2026,7:30p,Chicago Bulls,107,Toronto Raptors,123,Box Score,,18795,2:06,Scotiabank Arena,
Thu Feb 5 2026,8:00p,Charlotte Hornets,109,Houston Rockets,99,Box Score,,18055,2:07,Toyota Center,
Thu Feb 5 2026,8:30p,San Antonio Spurs,135,Dallas Mavericks,123,Box Score,,19413,2:13,American Airlines Center,
Thu Feb 5 2026,10:00p,Philadelphia 76ers,115,Los Angeles Lakers,119,Box Score,,18731,2:20,Crypto.com Arena,
Thu Feb 5 2026,10:00p,Golden State Warriors,101,Phoenix Suns,97,Box Score,,17071,2:12,Mortgage Matchup Center,
Fri Feb 6 2026,7:30p,Miami Heat,96,Boston Celtics,98,Box Score,,19156,2:24,TD Garden,
Fri Feb 6 2026,7:30p,New York Knicks,80,Detroit Pistons,118,Box Score,,20062,2:17,Little Caesars Arena,
Fri Feb 6 2026,8:00p,Indiana Pacers,99,Milwaukee Bucks,105,Box Score,,17341,2:07,Fiserv Forum,
Fri Feb 6 2026,8:00p,New Orleans Pelicans,119,Minnesota Timberwolves,115,Box Score,,18978,2:14,Target Center,
Fri Feb 6 2026,10:00p,Memphis Grizzlies,115,Portland Trail Blazers,135,Box Score,,16895,2:05,Moda Center,
Fri Feb 6 2026,10:00p,Los Angeles Clippers,114,Sacramento Kings,111,Box Score,,16665,2:27,Golden 1 Center,
Sat Feb 7 2026,3:00p,Washington Wizards,113,Brooklyn Nets,127,Box Score,,17548,2:10,Barclays Center,
Sat Feb 7 2026,3:30p,Houston Rockets,112,Oklahoma City Thunder,106,Box Score,,18203,2:37,Paycom Center,
Sat Feb 7 2026,6:00p,Dallas Mavericks,125,San Antonio Spurs,138,Box Score,,18617,2:18,Frost Bank Center,
Sat Feb 7 2026,7:00p,Utah Jazz,117,Orlando Magic,120,Box Score,,19203,2:23,Kia Center,
Sat Feb 7 2026,7:30p,Charlotte Hornets,126,Atlanta Hawks,119,Box Score,,17492,2:23,State Farm Arena,
Sat Feb 7 2026,8:00p,Denver Nuggets,136,Chicago Bulls,120,Box Score,,20939,2:17,United Center,
Sat Feb 7 2026,8:30p,Golden State Warriors,99,Los Angeles Lakers,105,Box Score,,18997,2:20,Crypto.com Arena,
Sat Feb 7 2026,9:00p,Philadelphia 76ers,109,Phoenix Suns,103,Box Score,,17071,2:30,Mortgage Matchup Center,
Sat Feb 7 2026,10:00p,Memphis Grizzlies,115,Portland Trail Blazers,122,Box Score,,16273,2:07,Moda Center,
Sat Feb 7 2026,10:00p,Cleveland Cavaliers,132,Sacramento Kings,126,Box Score,,16212,2:14,Golden 1 Center,
Sun Feb 8 2026,12:30p,New York Knicks,111,Boston Celtics,89,Box Score,,19156,2:21,TD Garden,
Sun Feb 8 2026,2:00p,Miami Heat,132,Washington Wizards,101,Box Score,,14056,2:06,Capital One Arena,
Sun Feb 8 2026,3:00p,Los Angeles Clippers,115,Minnesota Timberwolves,96,Box Score,,18978,2:24,Target Center,
Sun Feb 8 2026,3:00p,Indiana Pacers,104,Toronto Raptors,122,Box Score,,17876,2:17,Scotiabank Arena,
Mon Feb 9 2026,7:00p,Detroit Pistons,110,Charlotte Hornets,104,Box Score,,19476,2:31,Spectrum Center,
Mon Feb 9 2026,7:30p,Chicago Bulls,115,Brooklyn Nets,123,Box Score,,17038,2:21,Barclays Center,
Mon Feb 9 2026,7:30p,Utah Jazz,115,Miami Heat,111,Box Score,,19700,2:30,Kaseya Center,
Mon Feb 9 2026,7:30p,Milwaukee Bucks,99,Orlando Magic,118,Box Score,,18202,2:24,Kia Center,
Mon Feb 9 2026,8:00p,Atlanta Hawks,116,Minnesota Timberwolves,138,Box Score,,17243,2:16,Target Center,
Mon Feb 9 2026,8:00p,Sacramento Kings,94,New Orleans Pelicans,120,Box Score,,16633,2:07,Smoothie King Center,
Mon Feb 9 2026,9:00p,Cleveland Cavaliers,119,Denver Nuggets,117,Box Score,,19647,,Ball Arena,
Mon Feb 9 2026,10:00p,Memphis Grizzlies,113,Golden State Warriors,114,Box Score,,18064,2:16,Chase Center,
Mon Feb 9 2026,10:00p,Oklahoma City Thunder,119,Los Angeles Lakers,110,Box Score,,18519,2:28,Crypto.com Arena,
Mon Feb 9 2026,10:00p,Philadelphia 76ers,118,Portland Trail Blazers,135,Box Score,,16025,2:16,Moda Center,
Tue Feb 10 2026,7:30p,Indiana Pacers,137,New York Knicks,134,Box Score,OT,19812,2:45,Madison Square Garden (IV),
Tue Feb 10 2026,8:00p,Los Angeles Clippers,95,Houston Rockets,102,Box Score,,18055,2:11,Toyota Center,
Tue Feb 10 2026,9:00p,Dallas Mavericks,111,Phoenix Suns,120,Box Score,,17071,2:17,Mortgage Matchup Center,
Tue Feb 10 2026,10:30p,San Antonio Spurs,136,Los Angeles Lakers,108,Box Score,,18668,2:08,Crypto.com Arena,
Wed Feb 11 2026,7:00p,Atlanta Hawks,107,Charlotte Hornets,110,Box Score,,18710,2:23,Spectrum Center,
Wed Feb 11 2026,7:00p,Washington Wizards,113,Cleveland Cavaliers,138,Box Score,,19432,2:16,Rocket Arena,
Wed Feb 11 2026,7:00p,Milwaukee Bucks,116,Orlando Magic,108,Box Score,,18298,2:19,Kia Center,
Wed Feb 11 2026,7:30p,Chicago Bulls,105,Boston Celtics,124,Box Score,,19156,1:57,TD Garden,
Wed Feb 11 2026,7:30p,Indiana Pacers,115,Brooklyn Nets,110,Box Score,,16779,2:11,Barclays Center,
Wed Feb 11 2026,7:30p,New York Knicks,138,Philadelphia 76ers,89,Box Score,,19746,2:18,Xfinity Mobile Arena,
Wed Feb 11 2026,7:30p,Detroit Pistons,113,Toronto Raptors,95,Box Score,,19120,2:14,Scotiabank Arena,
Wed Feb 11 2026,8:00p,Los Angeles Clippers,105,Houston Rockets,102,Box Score,,18055,2:18,Toyota Center,
Wed Feb 11 2026,8:00p,Portland Trail Blazers,109,Minnesota Timberwolves,133,Box Score,,16988,2:14,Target Center,
Wed Feb 11 2026,8:00p,Miami Heat,123,New Orleans Pelicans,111,Box Score,,16444,2:16,Smoothie King Center,
Wed Feb 11 2026,9:00p,Memphis Grizzlies,116,Denver Nuggets,122,Box Score,,19651,2:20,Ball Arena,
Wed Feb 11 2026,9:00p,Oklahoma City Thunder,136,Phoenix Suns,109,Box Score,,17071,2:07,Mortgage Matchup Center,
Wed Feb 11 2026,9:00p,Sacramento Kings,93,Utah Jazz,121,Box Score,,18186,2:01,Delta Center,
Wed Feb 11 2026,10:00p,San Antonio Spurs,126,Golden State Warriors,113,Box Score,,18064,2:27,Chase Center,
Thu Feb 12 2026,7:30p,Milwaukee Bucks,110,Oklahoma City Thunder,93,Box Score,,18203,2:07,Paycom Center,
Thu Feb 12 2026,9:00p,Portland Trail Blazers,135,Utah Jazz,119,Box Score,,18186,2:17,Delta Center,
Thu Feb 12 2026,10:00p,Dallas Mavericks,104,Los Angeles Lakers,124,Box Score,,18679,2:14,Crypto.com Arena,
Thu Feb 19 2026,7:00p,Houston Rockets,105,Charlotte Hornets,101,Box Score,,19622,2:12,Spectrum Center,
Thu Feb 19 2026,7:00p,Brooklyn Nets,84,Cleveland Cavaliers,112,Box Score,,19432,2:07,Rocket Arena,
Thu Feb 19 2026,7:00p,Atlanta Hawks,117,Philadelphia 76ers,107,Box Score,,19746,2:28,Xfinity Mobile Arena,
Thu Feb 19 2026,7:00p,Indiana Pacers,105,Washington Wizards,112,Box Score,,14602,2:13,Capital One Arena,
Thu Feb 19 2026,7:30p,Detroit Pistons,126,New York Knicks,111,Box Score,,19812,2:24,Madison Square Garden (IV),
Thu Feb 19 2026,8:00p,Toronto Raptors,110,Chicago Bulls,101,Box Score,,20397,2:24,United Center,
Thu Feb 19 2026,8:30p,Phoenix Suns,94,San Antonio Spurs,121,Box Score,,16258,2:00,Moody Center,
Thu Feb 19 2026,10:00p,Boston Celtics,121,Golden State Warriors,110,Box Score,,18064,2:05,Chase Center,
Thu Feb 19 2026,10:00p,Orlando Magic,131,Sacramento Kings,94,Box Score,,16544,2:08,Golden 1 Center,
Thu Feb 19 2026,10:30p,Denver Nuggets,114,Los Angeles Clippers,115,Box Score,,17927,2:31,Intuit Dome,
Fri Feb 20 2026,7:00p,Cleveland Cavaliers,118,Charlotte Hornets,113,Box Score,,19691,2:19,Spectrum Center,
Fri Feb 20 2026,7:00p,Utah Jazz,114,Memphis Grizzlies,123,Box Score,,16112,2:13,FedExForum,
Fri Feb 20 2026,7:00p,Indiana Pacers,118,Washington Wizards,131,Box Score,,15846,2:08,Capital One Arena,
Fri Feb 20 2026,7:30p,Miami Heat,128,Atlanta Hawks,97,Box Score,,16070,2:03,State Farm Arena,
Fri Feb 20 2026,7:30p,Dallas Mavericks,111,Minnesota Timberwolves,122,Box Score,,18978,2:24,Target Center,
Fri Feb 20 2026,8:00p,Milwaukee Bucks,139,New Orleans Pelicans,118,Box Score,,15714,2:06,Smoothie King Center,
Fri Feb 20 2026,8:00p,Brooklyn Nets,86,Oklahoma City Thunder,105,Box Score,,18203,2:25,Paycom Center,
Fri Feb 20 2026,10:00p,Los Angeles Clippers,122,Los Angeles Lakers,125,Box Score,,18997,2:30,Crypto.com Arena,
Fri Feb 20 2026,10:00p,Denver Nuggets,157,Portland Trail Blazers,103,Box Score,,18566,2:13,Moda Center,
Sat Feb 21 2026,5:00p,Orlando Magic,110,Phoenix Suns,113,Box Score,2OT,17071,2:50,Mortgage Matchup Center,
Sat Feb 21 2026,7:00p,Philadelphia 76ers,111,New Orleans Pelicans,126,Box Score,,16426,2:29,Smoothie King Center,
Sat Feb 21 2026,8:00p,Detroit Pistons,126,Chicago Bulls,110,Box Score,,21589,2:10,United Center,
Sat Feb 21 2026,8:00p,Memphis Grizzlies,120,Miami Heat,136,Box Score,,19700,2:15,Kaseya Center,
Sat Feb 21 2026,8:00p,Sacramento Kings,122,San Antonio Spurs,139,Box Score,,16168,2:13,Moody Center,
Sat Feb 21 2026,8:30p,Houston Rockets,106,New York Knicks,108,Box Score,,19812,2:30,Madison Square Garden (IV),
Sun Feb 22 2026,1:00p,Cleveland Cavaliers,113,Oklahoma City Thunder,121,Box Score,,18203,2:25,Paycom Center,
Sun Feb 22 2026,3:30p,Brooklyn Nets,104,Atlanta Hawks,115,Box Score,,17121,2:12,State Farm Arena,
Sun Feb 22 2026,3:30p,Denver Nuggets,117,Golden State Warriors,128,Box Score,,18064,2:22,Chase Center,
Sun Feb 22 2026,3:30p,Toronto Raptors,122,Milwaukee Bucks,94,Box Score,,17341,2:18,Fiserv Forum,
Sun Feb 22 2026,5:00p,Dallas Mavericks,134,Indiana Pacers,130,Box Score,,17274,2:12,Gainbridge Fieldhouse,
Sun Feb 22 2026,6:00p,Charlotte Hornets,129,Washington Wizards,112,Box Score,,16443,2:06,Capital One Arena,
Sun Feb 22 2026,6:30p,Boston Celtics,111,Los Angeles Lakers,89,Box Score,,18997,2:20,Crypto.com Arena,
Sun Feb 22 2026,7:00p,Philadelphia 76ers,135,Minnesota Timberwolves,108,Box Score,,18978,2:17,Target Center,
Sun Feb 22 2026,8:00p,New York Knicks,105,Chicago Bulls,99,Box Score,,19628,2:13,United Center,
Sun Feb 22 2026,8:00p,Portland Trail Blazers,92,Phoenix Suns,77,Box Score,,17071,2:02,Mortgage Matchup Center,
Sun Feb 22 2026,9:00p,Orlando Magic,111,Los Angeles Clippers,109,Box Score,,17927,2:24,Intuit Dome,
Mon Feb 23 2026,7:00p,San Antonio Spurs,114,Detroit Pistons,103,Box Score,,20062,2:39,Little Caesars Arena,
Mon Feb 23 2026,8:00p,Sacramento Kings,123,Memphis Grizzlies,114,Box Score,,14176,2:13,FedExForum,
Mon Feb 23 2026,9:30p,Utah Jazz,105,Houston Rockets,125,Box Score,,18055,2:11,Toyota Center,
Tue Feb 24 2026,7:00p,Philadelphia 76ers,135,Indiana Pacers,114,Box Score,,16540,2:15,Gainbridge Fieldhouse,
Tue Feb 24 2026,7:30p,Washington Wizards,98,Atlanta Hawks,119,Box Score,,15417,2:12,State Farm Arena,
Tue Feb 24 2026,7:30p,Dallas Mavericks,123,Brooklyn Nets,114,Box Score,,16510,2:13,Barclays Center,
Tue Feb 24 2026,7:30p,New York Knicks,94,Cleveland Cavaliers,109,Box Score,,19432,2:31,Rocket Arena,
Tue Feb 24 2026,7:30p,Oklahoma City Thunder,116,Toronto Raptors,107,Box Score,,19153,2:17,Scotiabank Arena,
Tue Feb 24 2026,8:00p,Charlotte Hornets,131,Chicago Bulls,99,Box Score,,19145,2:03,United Center,
Tue Feb 24 2026,8:00p,Miami Heat,117,Milwaukee Bucks,128,Box Score,,15459,2:13,Fiserv Forum,
Tue Feb 24 2026,8:00p,Golden State Warriors,109,New Orleans Pelicans,113,Box Score,,16481,2:23,Smoothie King Center,
Tue Feb 24 2026,9:00p,Boston Celtics,97,Phoenix Suns,81,Box Score,,17071,1:59,Mortgage Matchup Center,
Tue Feb 24 2026,10:00p,Minnesota Timberwolves,124,Portland Trail Blazers,121,Box Score,,17581,2:29,Moda Center,
Tue Feb 24 2026,10:30p,Orlando Magic,110,Los Angeles Lakers,109,Box Score,,18997,2:29,Crypto.com Arena,
Wed Feb 25 2026,7:30p,Oklahoma City Thunder,116,Detroit Pistons,124,Box Score,,20062,2:23,Little Caesars Arena,
Wed Feb 25 2026,7:30p,Golden State Warriors,133,Memphis Grizzlies,112,Box Score,,15689,2:06,FedExForum,
Wed Feb 25 2026,7:30p,San Antonio Spurs,110,Toronto Raptors,107,Box Score,,19800,2:26,Scotiabank Arena,
Wed Feb 25 2026,8:00p,Sacramento Kings,97,Houston Rockets,128,Box Score,,18055,2:02,Toyota Center,
Wed Feb 25 2026,8:00p,Cleveland Cavaliers,116,Milwaukee Bucks,118,Box Score,,14702,2:06,Fiserv Forum,
Wed Feb 25 2026,10:00p,Boston Celtics,84,Denver Nuggets,103,Box Score,,19763,2:17,Ball Arena,
Thu Feb 26 2026,7:00p,Charlotte Hornets,133,Indiana Pacers,109,Box Score,,17073,2:08,Gainbridge Fieldhouse,
Thu Feb 26 2026,7:00p,Miami Heat,117,Philadelphia 76ers,124,Box Score,,19746,2:12,Xfinity Mobile Arena,
Thu Feb 26 2026,7:30p,Washington Wizards,96,Atlanta Hawks,126,Box Score,,15828,2:08,State Farm Arena,
Thu Feb 26 2026,7:30p,San Antonio Spurs,126,Brooklyn Nets,110,Box Score,,17548,2:08,Barclays Center,
Thu Feb 26 2026,7:30p,Houston Rockets,113,Orlando Magic,108,Box Score,,17524,2:22,Kia Center,
Thu Feb 26 2026,8:00p,Portland Trail Blazers,121,Chicago Bulls,112,Box Score,,18516,2:17,United Center,
Thu Feb 26 2026,8:30p,Sacramento Kings,130,Dallas Mavericks,121,Box Score,,19013,2:12,American Airlines Center,
Thu Feb 26 2026,9:00p,Los Angeles Lakers,110,Phoenix Suns,113,Box Score,,17071,2:23,Mortgage Matchup Center,
Thu Feb 26 2026,9:00p,New Orleans Pelicans,129,Utah Jazz,118,Box Score,,18186,2:15,Delta Center,
Thu Feb 26 2026,10:00p,Minnesota Timberwolves,94,Los Angeles Clippers,88,Box Score,,17649,2:25,Intuit Dome,
Fri Feb 27 2026,7:00p,Cleveland Cavaliers,119,Detroit Pistons,122,Box Score,OT,20232,3:19,Little Caesars Arena,
Fri Feb 27 2026,7:30p,Brooklyn Nets,111,Boston Celtics,148,Box Score,,19156,2:11,TD Garden,
Fri Feb 27 2026,8:00p,New York Knicks,127,Milwaukee Bucks,98,Box Score,,17341,2:05,Fiserv Forum,
Fri Feb 27 2026,8:30p,Memphis Grizzlies,124,Dallas Mavericks,105,Box Score,,19165,2:09,American Airlines Center,
Fri Feb 27 2026,9:30p,Denver Nuggets,121,Oklahoma City Thunder,127,Box Score,OT,18203,2:53,Paycom Center,
Sat Feb 28 2026,1:00p,Portland Trail Blazers,93,Charlotte Hornets,109,Box Score,,19634,2:15,Spectrum Center,
Sat Feb 28 2026,3:30p,Houston Rockets,105,Miami Heat,115,Box Score,,19700,2:25,Kaseya Center,
Sat Feb 28 2026,7:00p,Toronto Raptors,134,Washington Wizards,125,Box Score,,17429,2:17,Capital One Arena,
Sat Feb 28 2026,8:30p,Los Angeles Lakers,129,Golden State Warriors,101,Box Score,,18064,2:08,Chase Center,
Sat Feb 28 2026,9:30p,New Orleans Pelicans,115,Utah Jazz,105,Box Score,,18186,2:22,Delta Center,
Sun Mar 1 2026,1:00p,San Antonio Spurs,89,New York Knicks,114,Box Score,,19812,2:25,Madison Square Garden (IV),
Sun Mar 1 2026,3:30p,Cleveland Cavaliers,106,Brooklyn Nets,102,Box Score,,17804,2:32,Barclays Center,
Sun Mar 1 2026,3:30p,Milwaukee Bucks,97,Chicago Bulls,120,Box Score,,20749,2:08,United Center,
Sun Mar 1 2026,3:30p,Minnesota Timberwolves,117,Denver Nuggets,108,Box Score,,19895,2:19,Ball Arena,
Sun Mar 1 2026,5:00p,Memphis Grizzlies,125,Indiana Pacers,106,Box Score,,16695,2:08,Gainbridge Fieldhouse,
Sun Mar 1 2026,6:00p,Portland Trail Blazers,101,Atlanta Hawks,135,Box Score,,15498,2:14,State Farm Arena,
Sun Mar 1 2026,6:00p,Detroit Pistons,106,Orlando Magic,92,Box Score,,19015,2:17,Kia Center,
Sun Mar 1 2026,8:00p,Philadelphia 76ers,98,Boston Celtics,114,Box Score,,19156,2:24,TD Garden,
Sun Mar 1 2026,8:00p,Oklahoma City Thunder,100,Dallas Mavericks,87,Box Score,,18900,2:03,American Airlines Center,
Sun Mar 1 2026,9:00p,New Orleans Pelicans,117,Los Angeles Clippers,137,Box Score,,17003,2:20,Intuit Dome,
Sun Mar 1 2026,9:30p,Sacramento Kings,104,Los Angeles Lakers,128,Box Score,,18272,2:10,Crypto.com Arena,
Mon Mar 2 2026,7:00p,Houston Rockets,123,Washington Wizards,118,Box Score,,17352,2:16,Capital One Arena,
Mon Mar 2 2026,7:30p,Boston Celtics,108,Milwaukee Bucks,81,Box Score,,15992,2:01,Fiserv Forum,
Mon Mar 2 2026,9:00p,Denver Nuggets,128,Utah Jazz,125,Box Score,,18186,2:30,Delta Center,
Mon Mar 2 2026,10:00p,Los Angeles Clippers,114,Golden State Warriors,101,Box Score,,18064,2:22,Chase Center,
Tue Mar 3 2026,7:00p,Dallas Mavericks,90,Charlotte Hornets,117,Box Score,,19519,2:20,Spectrum Center,
Tue Mar 3 2026,7:00p,Detroit Pistons,109,Cleveland Cavaliers,113,Box Score,,19432,2:19,Rocket Arena,
Tue Mar 3 2026,7:00p,Washington Wizards,109,Orlando Magic,126,Box Score,,16894,2:15,Kia Center,
Tue Mar 3 2026,7:30p,Brooklyn Nets,98,Miami Heat,124,Box Score,,19700,2:18,Kaseya Center,
Tue Mar 3 2026,7:30p,New York Knicks,111,Toronto Raptors,95,Box Score,,19800,2:12,Scotiabank Arena,
Tue Mar 3 2026,8:00p,Oklahoma City Thunder,116,Chicago Bulls,108,Box Score,,18561,2:11,United Center,
Tue Mar 3 2026,8:00p,Memphis Grizzlies,110,Minnesota Timberwolves,117,Box Score,,17416,2:20,Target Center,
Tue Mar 3 2026,8:00p,San Antonio Spurs,131,Philadelphia 76ers,91,Box Score,,19746,2:19,Xfinity Mobile Arena,
Tue Mar 3 2026,10:30p,New Orleans Pelicans,101,Los Angeles Lakers,110,Box Score,,18248,2:19,Crypto.com Arena,
Tue Mar 3 2026,11:00p,Phoenix Suns,114,Sacramento Kings,103,Box Score,,15009,2:12,Golden 1 Center,
Wed Mar 4 2026,7:00p,Oklahoma City Thunder,103,New York Knicks,100,Box Score,,19812,2:28,Madison Square Garden (IV),
Wed Mar 4 2026,7:30p,Charlotte Hornets,118,Boston Celtics,89,Box Score,,19156,2:06,TD Garden,
Wed Mar 4 2026,7:30p,Utah Jazz,102,Philadelphia 76ers,106,Box Score,,18386,2:12,Xfinity Mobile Arena,
Wed Mar 4 2026,8:00p,Portland Trail Blazers,122,Memphis Grizzlies,114,Box Score,,14661,2:17,FedExForum,
Wed Mar 4 2026,9:30p,Atlanta Hawks,131,Milwaukee Bucks,113,Box Score,,14889,2:14,Fiserv Forum,
Wed Mar 4 2026,10:30p,Indiana Pacers,107,Los Angeles Clippers,130,Box Score,,17093,2:21,Intuit Dome,
Thu Mar 5 2026,7:00p,Dallas Mavericks,114,Orlando Magic,115,Box Score,,16996,2:23,Kia Center,
Thu Mar 5 2026,7:00p,Utah Jazz,122,Washington Wizards,112,Box Score,,17689,2:12,Capital One Arena,
Thu Mar 5 2026,7:30p,Golden State Warriors,115,Houston Rockets,113,Box Score,OT,18055,2:39,Toyota Center,
Thu Mar 5 2026,7:30p,Brooklyn Nets,110,Miami Heat,126,Box Score,,19700,2:10,Kaseya Center,
Thu Mar 5 2026,8:00p,Toronto Raptors,107,Minnesota Timberwolves,115,Box Score,,18978,2:18,Target Center,
Thu Mar 5 2026,8:00p,Detroit Pistons,106,San Antonio Spurs,121,Box Score,,18748,2:25,Frost Bank Center,
Thu Mar 5 2026,9:00p,Chicago Bulls,105,Phoenix Suns,103,Box Score,,17071,2:23,Mortgage Matchup Center,
Thu Mar 5 2026,10:00p,Los Angeles Lakers,113,Denver Nuggets,120,Box Score,,19947,2:21,Ball Arena,
Thu Mar 5 2026,10:00p,New Orleans Pelicans,133,Sacramento Kings,123,Box Score,,15350,2:12,Golden 1 Center,
Fri Mar 6 2026,7:00p,Dallas Mavericks,100,Boston Celtics,120,Box Score,,19156,2:08,TD Garden,
Fri Mar 6 2026,7:00p,Miami Heat,128,Charlotte Hornets,120,Box Score,,19653,2:17,Spectrum Center,
Fri Mar 6 2026,8:00p,Portland Trail Blazers,99,Houston Rockets,106,Box Score,,18055,2:14,Toyota Center,
Fri Mar 6 2026,9:00p,New York Knicks,142,Denver Nuggets,103,Box Score,,19807,2:14,Ball Arena,
Fri Mar 6 2026,9:00p,New Orleans Pelicans,116,Phoenix Suns,118,Box Score,,17071,2:32,Mortgage Matchup Center,
Fri Mar 6 2026,9:30p,Los Angeles Clippers,112,San Antonio Spurs,116,Box Score,,18711,2:14,Frost Bank Center,
Fri Mar 6 2026,10:30p,Indiana Pacers,117,Los Angeles Lakers,128,Box Score,,18173,2:12,Crypto.com Arena,
Sat Mar 7 2026,3:00p,Orlando Magic,119,Minnesota Timberwolves,92,Box Score,,18978,2:24,Target Center,
Sat Mar 7 2026,6:00p,Philadelphia 76ers,116,Atlanta Hawks,125,Box Score,,17174,2:19,State Farm Arena,
Sat Mar 7 2026,6:00p,Brooklyn Nets,107,Detroit Pistons,105,Box Score,,20062,2:28,Little Caesars Arena,
Sat Mar 7 2026,8:00p,Los Angeles Clippers,123,Memphis Grizzlies,120,Box Score,,16037,2:28,FedExForum,
Sat Mar 7 2026,8:00p,Utah Jazz,99,Milwaukee Bucks,113,Box Score,,16020,2:16,Fiserv Forum,
Sat Mar 7 2026,8:30p,Golden State Warriors,97,Oklahoma City Thunder,104,Box Score,,18203,,Paycom Center,
Sun Mar 8 2026,1:00p,Boston Celtics,109,Cleveland Cavaliers,98,Box Score,,19432,2:22,Rocket Arena,
Sun Mar 8 2026,3:30p,New York Knicks,97,Los Angeles Lakers,110,Box Score,,18997,2:31,Crypto.com Arena,
Sun Mar 8 2026,6:00p,Detroit Pistons,110,Miami Heat,121,Box Score,,19700,2:19,Kaseya Center,
Sun Mar 8 2026,6:00p,Dallas Mavericks,92,Toronto Raptors,122,Box Score,,19800,2:08,Scotiabank Arena,
Sun Mar 8 2026,7:00p,Washington Wizards,118,New Orleans Pelicans,138,Box Score,,16698,2:20,Smoothie King Center,
Sun Mar 8 2026,8:00p,Orlando Magic,130,Milwaukee Bucks,91,Box Score,,15555,2:11,Fiserv Forum,
Sun Mar 8 2026,8:00p,Houston Rockets,120,San Antonio Spurs,145,Box Score,,19003,2:27,Frost Bank Center,
Sun Mar 8 2026,9:00p,Indiana Pacers,111,Portland Trail Blazers,131,Box Score,,16833,2:13,Moda Center,
Sun Mar 8 2026,9:00p,Chicago Bulls,110,Sacramento Kings,126,Box Score,,15022,2:19,Golden 1 Center,
Sun Mar 8 2026,10:00p,Charlotte Hornets,99,Phoenix Suns,111,Box Score,,17071,2:19,Mortgage Matchup Center,
Mon Mar 9 2026,7:00p,Philadelphia 76ers,101,Cleveland Cavaliers,115,Box Score,,19432,2:12,Rocket Arena,
Mon Mar 9 2026,7:30p,Memphis Grizzlies,115,Brooklyn Nets,126,Box Score,,16543,2:10,Barclays Center,
Mon Mar 9 2026,7:30p,Denver Nuggets,126,Oklahoma City Thunder,129,Box Score,,18203,2:28,Paycom Center,
Mon Mar 9 2026,9:00p,Golden State Warriors,116,Utah Jazz,119,Box Score,,18186,2:21,Delta Center,
Mon Mar 9 2026,10:00p,New York Knicks,118,Los Angeles Clippers,126,Box Score,,17927,2:28,Intuit Dome,
Tue Mar 10 2026,7:00p,Memphis Grizzlies,129,Philadelphia 76ers,139,Box Score,,17897,2:28,Xfinity Mobile Arena,
Tue Mar 10 2026,7:30p,Dallas Mavericks,112,Atlanta Hawks,124,Box Score,,15514,2:13,State Farm Arena,
Tue Mar 10 2026,7:30p,Detroit Pistons,138,Brooklyn Nets,100,Box Score,,17548,2:31,Barclays Center,
Tue Mar 10 2026,7:30p,Washington Wizards,129,Miami Heat,150,Box Score,,19700,2:30,Kaseya Center,
Tue Mar 10 2026,8:00p,Toronto Raptors,99,Houston Rockets,113,Box Score,,18055,2:12,Toyota Center,
Tue Mar 10 2026,8:00p,Phoenix Suns,129,Milwaukee Bucks,114,Box Score,,15300,2:09,Fiserv Forum,
Tue Mar 10 2026,8:00p,Boston Celtics,116,San Antonio Spurs,125,Box Score,,19080,2:21,Frost Bank Center,
Tue Mar 10 2026,10:00p,Chicago Bulls,130,Golden State Warriors,124,Box Score,OT,18064,2:30,Chase Center,
Tue Mar 10 2026,10:00p,Charlotte Hornets,103,Portland Trail Blazers,101,Box Score,,18133,2:19,Moda Center,
Tue Mar 10 2026,10:00p,Indiana Pacers,109,Sacramento Kings,114,Box Score,,14618,2:23,Golden 1 Center,
Tue Mar 10 2026,11:00p,Minnesota Timberwolves,106,Los Angeles Lakers,120,Box Score,,18997,2:21,Crypto.com Arena,
Wed Mar 11 2026,7:30p,Cleveland Cavaliers,122,Orlando Magic,128,Box Score,,18697,2:32,Kia Center,
Wed Mar 11 2026,8:00p,Toronto Raptors,111,New Orleans Pelicans,122,Box Score,,16568,2:12,Smoothie King Center,
Wed Mar 11 2026,9:00p,New York Knicks,134,Utah Jazz,117,Box Score,,18186,2:19,Delta Center,
Wed Mar 11 2026,10:00p,Houston Rockets,93,Denver Nuggets,129,Box Score,,19602,2:10,Ball Arena,
Wed Mar 11 2026,10:00p,Charlotte Hornets,117,Sacramento Kings,109,Box Score,,15597,,Golden 1 Center,
Wed Mar 11 2026,10:30p,Minnesota Timberwolves,128,Los Angeles Clippers,153,Box Score,,16871,2:18,Intuit Dome,
Thu Mar 12 2026,7:00p,Philadelphia 76ers,109,Detroit Pistons,131,Box Score,,20062,2:14,Little Caesars Arena,
Thu Mar 12 2026,7:00p,Phoenix Suns,123,Indiana Pacers,108,Box Score,,16470,2:15,Gainbridge Fieldhouse,
Thu Mar 12 2026,7:00p,Washington Wizards,131,Orlando Magic,136,Box Score,OT,17321,2:31,Kia Center,
Thu Mar 12 2026,7:30p,Brooklyn Nets,97,Atlanta Hawks,108,Box Score,,15526,2:13,State Farm Arena,
Thu Mar 12 2026,7:30p,Milwaukee Bucks,105,Miami Heat,112,Box Score,,19700,2:17,Kaseya Center,
Thu Mar 12 2026,8:00p,Dallas Mavericks,120,Memphis Grizzlies,112,Box Score,,15029,2:07,FedExForum,
Thu Mar 12 2026,9:00p,Denver Nuggets,136,San Antonio Spurs,131,Box Score,,19038,2:26,Frost Bank Center,
Thu Mar 12 2026,9:30p,Boston Celtics,102,Oklahoma City Thunder,104,Box Score,,18203,,Paycom Center,
Thu Mar 12 2026,10:30p,Chicago Bulls,130,Los Angeles Lakers,142,Box Score,,18794,2:15,Crypto.com Arena,
Fri Mar 13 2026,7:30p,Cleveland Cavaliers,138,Dallas Mavericks,105,Box Score,,19512,2:12,American Airlines Center,
Fri Mar 13 2026,7:30p,Memphis Grizzlies,110,Detroit Pistons,126,Box Score,,20062,2:10,Little Caesars Arena,
Fri Mar 13 2026,7:30p,New York Knicks,101,Indiana Pacers,92,Box Score,,15544,2:18,Gainbridge Fieldhouse,
Fri Mar 13 2026,7:30p,Phoenix Suns,115,Toronto Raptors,122,Box Score,,19195,2:20,Scotiabank Arena,
Fri Mar 13 2026,8:00p,New Orleans Pelicans,105,Houston Rockets,107,Box Score,,18055,2:23,Toyota Center,
Fri Mar 13 2026,10:00p,Minnesota Timberwolves,127,Golden State Warriors,117,Box Score,,18064,2:19,Chase Center,
Fri Mar 13 2026,10:00p,Utah Jazz,114,Portland Trail Blazers,124,Box Score,,17352,2:09,Moda Center,
Fri Mar 13 2026,10:30p,Chicago Bulls,108,Los Angeles Clippers,119,Box Score,,17927,2:10,Intuit Dome,
Sat Mar 14 2026,1:00p,Brooklyn Nets,97,Philadelphia 76ers,104,Box Score,,18418,2:18,Xfinity Mobile Arena,
Sat Mar 14 2026,3:00p,Milwaukee Bucks,99,Atlanta Hawks,122,Box Score,,16013,2:12,State Farm Arena,
Sat Mar 14 2026,3:30p,Charlotte Hornets,102,San Antonio Spurs,115,Box Score,,18861,2:19,Frost Bank Center,
Sat Mar 14 2026,6:00p,Washington Wizards,100,Boston Celtics,111,Box Score,,19156,2:03,TD Garden,
Sat Mar 14 2026,8:00p,Orlando Magic,121,Miami Heat,117,Box Score,,19757,2:31,Kaseya Center,
Sat Mar 14 2026,8:30p,Denver Nuggets,125,Los Angeles Lakers,127,Box Score,OT,18997,2:46,Crypto.com Arena,
Sat Mar 14 2026,10:30p,Sacramento Kings,118,Los Angeles Clippers,109,Box Score,,17420,2:19,Intuit Dome,
Sun Mar 15 2026,1:00p,Minnesota Timberwolves,103,Oklahoma City Thunder,116,Box Score,,18203,2:16,Paycom Center,
Sun Mar 15 2026,3:30p,Dallas Mavericks,130,Cleveland Cavaliers,120,Box Score,,19432,2:11,Rocket Arena,
Sun Mar 15 2026,3:30p,Indiana Pacers,123,Milwaukee Bucks,134,Box Score,,15898,2:10,Fiserv Forum,
Sun Mar 15 2026,3:30p,Detroit Pistons,108,Toronto Raptors,119,Box Score,,19435,2:19,Scotiabank Arena,
Sun Mar 15 2026,6:00p,Portland Trail Blazers,103,Philadelphia 76ers,109,Box Score,,19746,2:09,Xfinity Mobile Arena,
Sun Mar 15 2026,8:00p,Golden State Warriors,107,New York Knicks,110,Box Score,,19812,2:30,Madison Square Garden (IV),
Sun Mar 15 2026,10:00p,Utah Jazz,111,Sacramento Kings,116,Box Score,,15132,2:08,Golden 1 Center,
Mon Mar 16 2026,7:00p,Orlando Magic,112,Atlanta Hawks,124,Box Score,,18138,2:28,State Farm Arena,
Mon Mar 16 2026,7:00p,Golden State Warriors,125,Washington Wizards,117,Box Score,,15922,2:20,Capital One Arena,
Mon Mar 16 2026,7:30p,Phoenix Suns,112,Boston Celtics,120,Box Score,,19156,2:25,TD Garden,
Mon Mar 16 2026,7:30p,Portland Trail Blazers,114,Brooklyn Nets,95,Box Score,,17030,2:17,Barclays Center,
Mon Mar 16 2026,8:00p,Memphis Grizzlies,107,Chicago Bulls,132,Box Score,,20157,2:08,United Center,
Mon Mar 16 2026,8:00p,Dallas Mavericks,111,New Orleans Pelicans,129,Box Score,,16787,2:07,Smoothie King Center,
Mon Mar 16 2026,9:30p,Los Angeles Lakers,100,Houston Rockets,92,Box Score,,18055,2:20,Toyota Center,
Mon Mar 16 2026,10:00p,San Antonio Spurs,119,Los Angeles Clippers,115,Box Score,,17927,2:31,Intuit Dome,
Tue Mar 17 2026,7:00p,Miami Heat,106,Charlotte Hornets,136,Box Score,,19478,2:21,Spectrum Center,
Tue Mar 17 2026,7:00p,Oklahoma City Thunder,113,Orlando Magic,108,Box Score,,18846,2:19,Kia Center,
Tue Mar 17 2026,7:00p,Detroit Pistons,130,Washington Wizards,117,Box Score,,15296,2:17,Capital One Arena,
Tue Mar 17 2026,7:30p,Indiana Pacers,110,New York Knicks,136,Box Score,,19812,2:03,Madison Square Garden (IV),
Tue Mar 17 2026,8:00p,Cleveland Cavaliers,123,Milwaukee Bucks,116,Box Score,,16341,2:24,Fiserv Forum,
Tue Mar 17 2026,8:00p,Phoenix Suns,104,Minnesota Timberwolves,116,Box Score,,17309,2:21,Target Center,
Tue Mar 17 2026,10:00p,Philadelphia 76ers,96,Denver Nuggets,124,Box Score,,19917,2:17,Ball Arena,
Tue Mar 17 2026,10:00p,San Antonio Spurs,132,Sacramento Kings,104,Box Score,,16475,1:59,Golden 1 Center,
Wed Mar 18 2026,7:00p,Golden State Warriors,99,Boston Celtics,120,Box Score,,19156,2:15,TD Garden,
Wed Mar 18 2026,7:30p,Oklahoma City Thunder,121,Brooklyn Nets,92,Box Score,,17548,2:13,Barclays Center,
Wed Mar 18 2026,7:30p,Portland Trail Blazers,127,Indiana Pacers,119,Box Score,,17274,2:19,Gainbridge Fieldhouse,
Wed Mar 18 2026,8:00p,Toronto Raptors,139,Chicago Bulls,109,Box Score,,19082,2:12,United Center,
Wed Mar 18 2026,8:00p,Utah Jazz,111,Minnesota Timberwolves,147,Box Score,,17047,2:20,Target Center,
Wed Mar 18 2026,8:00p,Los Angeles Clippers,109,New Orleans Pelicans,124,Box Score,,16546,2:05,Smoothie King Center,
Wed Mar 18 2026,8:30p,Atlanta Hawks,135,Dallas Mavericks,120,Box Score,,19807,2:09,American Airlines Center,
Wed Mar 18 2026,8:30p,Denver Nuggets,118,Memphis Grizzlies,125,Box Score,,15612,2:21,FedExForum,
Wed Mar 18 2026,9:30p,Los Angeles Lakers,124,Houston Rockets,116,Box Score,,18055,2:26,Toyota Center,
Thu Mar 19 2026,7:00p,Orlando Magic,111,Charlotte Hornets,130,Box Score,,19565,2:31,Spectrum Center,
Thu Mar 19 2026,7:00p,Detroit Pistons,117,Washington Wizards,95,Box Score,,16572,2:14,Capital One Arena,
Thu Mar 19 2026,8:00p,Cleveland Cavaliers,115,Chicago Bulls,110,Box Score,,19763,2:26,United Center,
Thu Mar 19 2026,8:00p,Los Angeles Lakers,134,Miami Heat,126,Box Score,,20177,2:25,Kaseya Center,
Thu Mar 19 2026,8:00p,Los Angeles Clippers,99,New Orleans Pelicans,105,Box Score,,15395,2:17,Smoothie King Center,
Thu Mar 19 2026,8:00p,Phoenix Suns,100,San Antonio Spurs,101,Box Score,,18648,2:19,Frost Bank Center,
Thu Mar 19 2026,9:00p,Milwaukee Bucks,96,Utah Jazz,128,Box Score,,18186,2:08,Delta Center,
Thu Mar 19 2026,10:00p,Philadelphia 76ers,139,Sacramento Kings,118,Box Score,,15007,2:15,Golden 1 Center,
Fri Mar 20 2026,7:30p,New York Knicks,93,Brooklyn Nets,92,Box Score,,18017,2:26,Barclays Center,
Fri Mar 20 2026,7:30p,Golden State Warriors,101,Detroit Pistons,115,Box Score,,20062,2:15,Little Caesars Arena,
Fri Mar 20 2026,8:00p,Atlanta Hawks,95,Houston Rockets,117,Box Score,,18055,2:12,Toyota Center,
Fri Mar 20 2026,8:00p,Boston Celtics,117,Memphis Grizzlies,112,Box Score,,17048,2:14,FedExForum,
Fri Mar 20 2026,8:00p,Portland Trail Blazers,108,Minnesota Timberwolves,104,Box Score,,18978,2:21,Target Center,
Fri Mar 20 2026,9:00p,Toronto Raptors,115,Denver Nuggets,121,Box Score,,19924,2:16,Ball Arena,
Sat Mar 21 2026,5:00p,Oklahoma City Thunder,132,Washington Wizards,111,Box Score,,20028,2:26,Capital One Arena,
Sat Mar 21 2026,7:00p,Memphis Grizzlies,101,Charlotte Hornets,124,Box Score,,19487,2:14,Spectrum Center,
Sat Mar 21 2026,7:00p,Cleveland Cavaliers,111,New Orleans Pelicans,106,Box Score,,16987,2:15,Smoothie King Center,
Sat Mar 21 2026,7:00p,Los Angeles Lakers,105,Orlando Magic,104,Box Score,,19597,2:29,Kia Center,
Sat Mar 21 2026,8:00p,Golden State Warriors,110,Atlanta Hawks,126,Box Score,,17069,2:18,State Farm Arena,
Sat Mar 21 2026,8:00p,Miami Heat,122,Houston Rockets,123,Box Score,,18055,2:14,Toyota Center,
Sat Mar 21 2026,8:00p,Indiana Pacers,119,San Antonio Spurs,134,Box Score,,18811,2:09,Frost Bank Center,
Sat Mar 21 2026,8:30p,Los Angeles Clippers,138,Dallas Mavericks,131,Box Score,OT,19365,2:28,American Airlines Center,
Sat Mar 21 2026,9:30p,Philadelphia 76ers,126,Utah Jazz,116,Box Score,,18186,2:14,Delta Center,
Sat Mar 21 2026,10:00p,Milwaukee Bucks,108,Phoenix Suns,105,Box Score,,17071,2:20,Mortgage Matchup Center,
Sun Mar 22 2026,5:00p,Portland Trail Blazers,112,Denver Nuggets,128,Box Score,,19924,2:01,Ball Arena,
Sun Mar 22 2026,6:00p,Brooklyn Nets,122,Sacramento Kings,126,Box Score,,16289,2:27,Golden 1 Center,
Sun Mar 22 2026,7:30p,Washington Wizards,113,New York Knicks,145,Box Score,,19812,2:08,Madison Square Garden (IV),
Sun Mar 22 2026,8:00p,Minnesota Timberwolves,102,Boston Celtics,92,Box Score,,19156,2:13,TD Garden,
Sun Mar 22 2026,9:00p,Toronto Raptors,98,Phoenix Suns,120,Box Score,,17071,2:06,Mortgage Matchup Center,
Mon Mar 23 2026,7:00p,Los Angeles Lakers,110,Detroit Pistons,113,Box Score,,20180,2:22,Little Caesars Arena,
Mon Mar 23 2026,7:00p,San Antonio Spurs,136,Miami Heat,111,Box Score,,19784,2:16,Kaseya Center,
Mon Mar 23 2026,7:00p,Indiana Pacers,128,Orlando Magic,126,Box Score,,17721,2:25,Kia Center,
Mon Mar 23 2026,7:00p,Oklahoma City Thunder,123,Philadelphia 76ers,103,Box Score,,19746,2:06,Xfinity Mobile Arena,
Mon Mar 23 2026,7:30p,Memphis Grizzlies,107,Atlanta Hawks,146,Box Score,,16131,2:10,State Farm Arena,
Mon Mar 23 2026,8:00p,Houston Rockets,124,Chicago Bulls,132,Box Score,,21395,2:20,United Center,
Mon Mar 23 2026,9:00p,Toronto Raptors,143,Utah Jazz,127,Box Score,,18186,2:26,Delta Center,
Mon Mar 23 2026,9:30p,Golden State Warriors,137,Dallas Mavericks,131,Box Score,OT,18821,2:50,American Airlines Center,
Mon Mar 23 2026,10:00p,Brooklyn Nets,99,Portland Trail Blazers,134,Box Score,,17059,2:20,Moda Center,
Mon Mar 23 2026,10:30p,Milwaukee Bucks,96,Los Angeles Clippers,129,Box Score,,16515,2:05,Intuit Dome,
Tue Mar 24 2026,7:00p,Sacramento Kings,90,Charlotte Hornets,134,Box Score,,19450,2:02,Spectrum Center,
Tue Mar 24 2026,7:30p,New Orleans Pelicans,116,New York Knicks,121,Box Score,,19812,2:16,Madison Square Garden (IV),
Tue Mar 24 2026,8:00p,Orlando Magic,131,Cleveland Cavaliers,136,Box Score,,19432,2:29,Rocket Arena,
Tue Mar 24 2026,11:00p,Denver Nuggets,125,Phoenix Suns,123,Box Score,,17071,2:28,Mortgage Matchup Center,
Wed Mar 25 2026,7:00p,Atlanta Hawks,130,Detroit Pistons,129,Box Score,OT,18921,2:37,Little Caesars Arena,
Wed Mar 25 2026,7:00p,Los Angeles Lakers,137,Indiana Pacers,130,Box Score,,17274,2:20,Gainbridge Fieldhouse,
Wed Mar 25 2026,7:00p,Chicago Bulls,137,Philadelphia 76ers,157,Box Score,,18921,2:15,Xfinity Mobile Arena,
Wed Mar 25 2026,7:30p,Oklahoma City Thunder,109,Boston Celtics,119,Box Score,,19156,2:18,TD Garden,
Wed Mar 25 2026,7:30p,Miami Heat,120,Cleveland Cavaliers,103,Box Score,,19432,2:14,Rocket Arena,
Wed Mar 25 2026,8:00p,San Antonio Spurs,123,Memphis Grizzlies,98,Box Score,,15688,2:08,FedExForum,
Wed Mar 25 2026,9:00p,Washington Wizards,133,Utah Jazz,110,Box Score,,18186,2:09,Delta Center,
Wed Mar 25 2026,9:30p,Houston Rockets,108,Minnesota Timberwolves,110,Box Score,OT,18978,2:48,Target Center,
Wed Mar 25 2026,10:00p,Dallas Mavericks,135,Denver Nuggets,142,Box Score,,19837,2:20,Ball Arena,
Wed Mar 25 2026,10:00p,Brooklyn Nets,106,Golden State Warriors,109,Box Score,,18064,2:29,Chase Center,
Wed Mar 25 2026,10:00p,Milwaukee Bucks,99,Portland Trail Blazers,130,Box Score,,16991,2:18,Moda Center,
Wed Mar 25 2026,10:30p,Toronto Raptors,94,Los Angeles Clippers,119,Box Score,,17927,2:11,Intuit Dome,
Thu Mar 26 2026,7:00p,New York Knicks,103,Charlotte Hornets,114,Box Score,,19625,2:16,Spectrum Center,
Thu Mar 26 2026,7:00p,New Orleans Pelicans,108,Detroit Pistons,129,Box Score,,18940,2:10,Little Caesars Arena,
Thu Mar 26 2026,7:00p,Sacramento Kings,117,Orlando Magic,121,Box Score,,17256,2:17,Kia Center,
Fri Mar 27 2026,7:00p,Los Angeles Clippers,114,Indiana Pacers,113,Box Score,,16645,2:32,Gainbridge Fieldhouse,
Fri Mar 27 2026,7:30p,Atlanta Hawks,102,Boston Celtics,109,Box Score,,19156,2:13,TD Garden,
Fri Mar 27 2026,7:30p,Miami Heat,128,Cleveland Cavaliers,149,Box Score,,19432,2:27,Rocket Arena,
Fri Mar 27 2026,8:00p,Houston Rockets,119,Memphis Grizzlies,109,Box Score,,15715,2:04,FedExForum,
Fri Mar 27 2026,8:00p,Chicago Bulls,113,Oklahoma City Thunder,131,Box Score,,18203,2:14,Paycom Center,
Fri Mar 27 2026,8:30p,New Orleans Pelicans,106,Toronto Raptors,119,Box Score,,19027,2:11,Scotiabank Arena,
Fri Mar 27 2026,9:00p,Utah Jazz,129,Denver Nuggets,135,Box Score,,19647,2:12,Ball Arena,
Fri Mar 27 2026,10:00p,Washington Wizards,126,Golden State Warriors,131,Box Score,,18064,2:15,Chase Center,
Fri Mar 27 2026,10:00p,Dallas Mavericks,100,Portland Trail Blazers,93,Box Score,,17701,2:16,Moda Center,
Fri Mar 27 2026,10:30p,Brooklyn Nets,99,Los Angeles Lakers,116,Box Score,,18997,2:19,Crypto.com Arena,
Sat Mar 28 2026,3:00p,San Antonio Spurs,127,Milwaukee Bucks,95,Box Score,,17341,2:05,Fiserv Forum,
Sat Mar 28 2026,5:30p,Detroit Pistons,109,Minnesota Timberwolves,87,Box Score,,18978,2:14,Target Center,
Sat Mar 28 2026,6:00p,Philadelphia 76ers,118,Charlotte Hornets,114,Box Score,,19616,2:24,Spectrum Center,
Sat Mar 28 2026,7:30p,Sacramento Kings,113,Atlanta Hawks,123,Box Score,,17066,2:08,State Farm Arena,
Sat Mar 28 2026,8:00p,Chicago Bulls,124,Memphis Grizzlies,125,Box Score,,16883,2:29,FedExForum,
Sat Mar 28 2026,10:00p,Utah Jazz,109,Phoenix Suns,134,Box Score,,17071,2:01,Mortgage Matchup Center,
Sun Mar 29 2026,3:30p,Los Angeles Clippers,127,Milwaukee Bucks,113,Box Score,,17341,2:16,Fiserv Forum,
Sun Mar 29 2026,5:00p,Miami Heat,118,Indiana Pacers,135,Box Score,,16771,2:07,Gainbridge Fieldhouse,
Sun Mar 29 2026,6:00p,Sacramento Kings,99,Brooklyn Nets,116,Box Score,,17548,2:10,Barclays Center,
Sun Mar 29 2026,6:00p,Boston Celtics,114,Charlotte Hornets,99,Box Score,,19642,2:03,Spectrum Center,
Sun Mar 29 2026,6:00p,Washington Wizards,88,Portland Trail Blazers,123,Box Score,,17400,2:16,Moda Center,
Sun Mar 29 2026,6:00p,Orlando Magic,87,Toronto Raptors,139,Box Score,,18883,2:11,Scotiabank Arena,
Sun Mar 29 2026,7:00p,Houston Rockets,134,New Orleans Pelicans,102,Box Score,,16758,2:13,Smoothie King Center,
Sun Mar 29 2026,7:30p,New York Knicks,100,Oklahoma City Thunder,111,Box Score,,18203,2:31,Paycom Center,
Sun Mar 29 2026,10:00p,Golden State Warriors,93,Denver Nuggets,116,Box Score,,19588,2:20,Ball Arena,
Mon Mar 30 2026,7:00p,Philadelphia 76ers,109,Miami Heat,119,Box Score,,19742,2:26,Kaseya Center,
Mon Mar 30 2026,7:30p,Boston Celtics,102,Atlanta Hawks,112,Box Score,,17092,2:09,State Farm Arena,
Mon Mar 30 2026,8:00p,Phoenix Suns,131,Memphis Grizzlies,105,Box Score,,14661,2:06,FedExForum,
Mon Mar 30 2026,8:00p,Chicago Bulls,114,San Antonio Spurs,129,Box Score,,18904,2:13,Frost Bank Center,
Mon Mar 30 2026,8:30p,Minnesota Timberwolves,124,Dallas Mavericks,94,Box Score,,20021,2:15,American Airlines Center,
Mon Mar 30 2026,9:00p,Cleveland Cavaliers,122,Utah Jazz,113,Box Score,,18186,2:06,Delta Center,
Mon Mar 30 2026,9:30p,Detroit Pistons,110,Oklahoma City Thunder,114,Box Score,OT,18203,2:52,Paycom Center,
Mon Mar 30 2026,10:00p,Washington Wizards,101,Los Angeles Lakers,120,Box Score,,18997,2:12,Crypto.com Arena,
Tue Mar 31 2026,7:00p,Phoenix Suns,111,Orlando Magic,115,Box Score,,19117,2:37,Kia Center,
Tue Mar 31 2026,7:30p,Charlotte Hornets,117,Brooklyn Nets,86,Box Score,,18027,2:14,Barclays Center,
Tue Mar 31 2026,8:00p,Toronto Raptors,116,Detroit Pistons,127,Box Score,,19982,2:23,Little Caesars Arena,
Tue Mar 31 2026,8:00p,New York Knicks,94,Houston Rockets,111,Box Score,,18055,2:13,Toyota Center,
Tue Mar 31 2026,8:00p,Dallas Mavericks,99,Milwaukee Bucks,123,Box Score,,16414,2:08,Fiserv Forum,
Tue Mar 31 2026,10:30p,Cleveland Cavaliers,113,Los Angeles Lakers,127,Box Score,,18997,2:12,Crypto.com Arena,
Tue Mar 31 2026,11:00p,Portland Trail Blazers,114,Los Angeles Clippers,104,Box Score,,17927,2:15,Intuit Dome,
Wed Apr 1 2026,7:00p,Atlanta Hawks,130,Orlando Magic,101,Box Score,,17324,2:21,Kia Center,
Wed Apr 1 2026,7:00p,Philadelphia 76ers,153,Washington Wizards,131,Box Score,,17956,2:03,Capital One Arena,
Wed Apr 1 2026,7:30p,Boston Celtics,147,Miami Heat,129,Box Score,,19881,2:11,Kaseya Center,
Wed Apr 1 2026,8:00p,Indiana Pacers,145,Chicago Bulls,126,Box Score,,21312,2:05,United Center,
Wed Apr 1 2026,8:00p,Milwaukee Bucks,113,Houston Rockets,119,Box Score,,18055,2:08,Toyota Center,
Wed Apr 1 2026,8:00p,New York Knicks,130,Memphis Grizzlies,119,Box Score,,15181,2:17,FedExForum,
Wed Apr 1 2026,8:00p,Sacramento Kings,123,Toronto Raptors,115,Box Score,,18616,2:21,Scotiabank Arena,
Wed Apr 1 2026,9:00p,Denver Nuggets,130,Utah Jazz,117,Box Score,,18186,2:12,Delta Center,
Wed Apr 1 2026,10:00p,San Antonio Spurs,127,Golden State Warriors,113,Box Score,,18064,2:23,Chase Center,
Thu Apr 2 2026,7:00p,Phoenix Suns,107,Charlotte Hornets,127,Box Score,,19594,2:09,Spectrum Center,
Thu Apr 2 2026,7:00p,Minnesota Timberwolves,108,Detroit Pistons,113,Box Score,,20062,2:31,Little Caesars Arena,
Thu Apr 2 2026,9:30p,Los Angeles Lakers,96,Oklahoma City Thunder,139,Box Score,,18203,2:09,Paycom Center,
Thu Apr 2 2026,10:00p,Cleveland Cavaliers,118,Golden State Warriors,111,Box Score,,18064,2:20,Chase Center,
Thu Apr 2 2026,10:00p,New Orleans Pelicans,106,Portland Trail Blazers,118,Box Score,,16877,2:14,Moda Center,
Thu Apr 2 2026,10:30p,San Antonio Spurs,118,Los Angeles Clippers,99,Box Score,,17927,2:16,Intuit Dome,
Fri Apr 3 2026,7:00p,Indiana Pacers,108,Charlotte Hornets,129,Box Score,,19579,2:04,Spectrum Center,
Fri Apr 3 2026,7:00p,Minnesota Timberwolves,103,Philadelphia 76ers,115,Box Score,,18457,2:15,Xfinity Mobile Arena,
Fri Apr 3 2026,7:30p,Atlanta Hawks,141,Brooklyn Nets,107,Box Score,,17548,2:10,Barclays Center,
Fri Apr 3 2026,7:30p,Chicago Bulls,96,New York Knicks,136,Box Score,,19812,2:15,Madison Square Garden (IV),
Fri Apr 3 2026,8:00p,Utah Jazz,106,Houston Rockets,140,Box Score,,18055,2:08,Toyota Center,
Fri Apr 3 2026,8:00p,Toronto Raptors,128,Memphis Grizzlies,96,Box Score,,17023,2:25,FedExForum,
Fri Apr 3 2026,8:00p,Boston Celtics,133,Milwaukee Bucks,101,Box Score,,17341,2:06,Fiserv Forum,
Fri Apr 3 2026,8:30p,Orlando Magic,138,Dallas Mavericks,127,Box Score,,19358,2:30,American Airlines Center,
Fri Apr 3 2026,10:00p,New Orleans Pelicans,113,Sacramento Kings,117,Box Score,,15422,2:22,Golden 1 Center,
Sat Apr 4 2026,3:00p,San Antonio Spurs,134,Denver Nuggets,136,Box Score,OT,20039,2:50,Ball Arena,
Sat Apr 4 2026,3:00p,Washington Wizards,136,Miami Heat,152,Box Score,,19700,2:10,Kaseya Center,
Sat Apr 4 2026,7:00p,Detroit Pistons,116,Philadelphia 76ers,93,Box Score,,19746,2:08,Xfinity Mobile Arena,
Sun Apr 5 2026,3:30p,Toronto Raptors,101,Boston Celtics,115,Box Score,,19156,2:08,TD Garden,
Sun Apr 5 2026,3:30p,Washington Wizards,115,Brooklyn Nets,121,Box Score,,17257,2:24,Barclays Center,
Sun Apr 5 2026,3:30p,Phoenix Suns,120,Chicago Bulls,110,Box Score,,20941,2:15,United Center,
Sun Apr 5 2026,3:30p,Memphis Grizzlies,115,Milwaukee Bucks,131,Box Score,,15248,2:09,Fiserv Forum,
Sun Apr 5 2026,6:00p,Indiana Pacers,108,Cleveland Cavaliers,117,Box Score,,19432,2:10,Rocket Arena,
Sun Apr 5 2026,7:00p,Charlotte Hornets,122,Minnesota Timberwolves,108,Box Score,,18978,2:13,Target Center,
Sun Apr 5 2026,7:00p,Orlando Magic,112,New Orleans Pelicans,108,Box Score,,16629,2:26,Smoothie King Center,
Sun Apr 5 2026,7:00p,Utah Jazz,111,Oklahoma City Thunder,146,Box Score,,18203,2:02,Paycom Center,
Sun Apr 5 2026,7:30p,Los Angeles Lakers,128,Dallas Mavericks,134,Box Score,,19829,2:28,American Airlines Center,
Sun Apr 5 2026,9:00p,Los Angeles Clippers,138,Sacramento Kings,109,Box Score,,15014,2:10,Golden 1 Center,
Sun Apr 5 2026,10:00p,Houston Rockets,117,Golden State Warriors,116,Box Score,,18064,2:23,Chase Center,
Mon Apr 6 2026,7:00p,New York Knicks,108,Atlanta Hawks,105,Box Score,,17242,2:24,State Farm Arena,
Mon Apr 6 2026,7:00p,Detroit Pistons,107,Orlando Magic,123,Box Score,,19441,2:25,Kia Center,
Mon Apr 6 2026,8:00p,Cleveland Cavaliers,142,Memphis Grizzlies,126,Box Score,,16511,2:08,FedExForum,
Mon Apr 6 2026,8:00p,Philadelphia 76ers,102,San Antonio Spurs,115,Box Score,,18354,2:20,Frost Bank Center,
Mon Apr 6 2026,9:00p,Portland Trail Blazers,132,Denver Nuggets,137,Box Score,OT,19615,2:38,Ball Arena,
Tue Apr 7 2026,7:00p,Minnesota Timberwolves,124,Indiana Pacers,104,Box Score,,17274,2:12,Gainbridge Fieldhouse,
Tue Apr 7 2026,7:00p,Chicago Bulls,129,Washington Wizards,98,Box Score,,15049,2:15,Capital One Arena,
Tue Apr 7 2026,7:30p,Milwaukee Bucks,90,Brooklyn Nets,96,Box Score,,16834,2:09,Barclays Center,
Tue Apr 7 2026,7:30p,Miami Heat,95,Toronto Raptors,121,Box Score,,18425,2:10,Scotiabank Arena,
Tue Apr 7 2026,8:00p,Charlotte Hornets,102,Boston Celtics,113,Box Score,,19156,2:13,TD Garden,
Tue Apr 7 2026,8:00p,Utah Jazz,137,New Orleans Pelicans,156,Box Score,,15971,2:04,Smoothie King Center,
Tue Apr 7 2026,10:00p,Sacramento Kings,105,Golden State Warriors,110,Box Score,,18064,2:11,Chase Center,
Tue Apr 7 2026,10:30p,Dallas Mavericks,103,Los Angeles Clippers,116,Box Score,,17927,2:13,Intuit Dome,
Tue Apr 7 2026,10:30p,Oklahoma City Thunder,123,Los Angeles Lakers,87,Box Score,,18997,2:08,Crypto.com Arena,
Tue Apr 7 2026,11:00p,Houston Rockets,119,Phoenix Suns,105,Box Score,,17071,2:32,Mortgage Matchup Center,
Wed Apr 8 2026,7:00p,Atlanta Hawks,116,Cleveland Cavaliers,122,Box Score,,19432,2:20,Rocket Arena,
Wed Apr 8 2026,7:00p,Milwaukee Bucks,111,Detroit Pistons,137,Box Score,,19997,2:23,Little Caesars Arena,
Wed Apr 8 2026,7:00p,Minnesota Timberwolves,120,Orlando Magic,132,Box Score,,18482,2:08,Kia Center,
Wed Apr 8 2026,9:00p,Memphis Grizzlies,119,Denver Nuggets,136,Box Score,,19985,2:07,Ball Arena,
Wed Apr 8 2026,9:30p,Portland Trail Blazers,101,San Antonio Spurs,112,Box Score,,18354,2:14,Frost Bank Center,
Wed Apr 8 2026,10:00p,Oklahoma City Thunder,128,Los Angeles Clippers,110,Box Score,,17927,2:15,Intuit Dome,
Wed Apr 8 2026,10:00p,Dallas Mavericks,107,Phoenix Suns,112,Box Score,,17071,2:05,Mortgage Matchup Center,
Thu Apr 9 2026,7:00p,Miami Heat,114,Toronto Raptors,128,Box Score,,19142,2:18,Scotiabank Arena,
Thu Apr 9 2026,7:00p,Chicago Bulls,119,Washington Wizards,108,Box Score,,15482,2:15,Capital One Arena,
Thu Apr 9 2026,7:30p,Indiana Pacers,123,Brooklyn Nets,94,Box Score,,17548,2:03,Barclays Center,
Thu Apr 9 2026,7:30p,Boston Celtics,106,New York Knicks,112,Box Score,,19812,,Madison Square Garden (IV),
Thu Apr 9 2026,8:00p,Philadelphia 76ers,102,Houston Rockets,113,Box Score,,18055,2:13,Toyota Center,
Thu Apr 9 2026,10:00p,Los Angeles Lakers,119,Golden State Warriors,103,Box Score,,18064,2:04,Chase Center,
Fri Apr 10 2026,7:00p,Cleveland Cavaliers,102,Atlanta Hawks,124,Box Score,,17517,2:18,State Farm Arena,
Fri Apr 10 2026,7:00p,Detroit Pistons,118,Charlotte Hornets,100,Box Score,,19623,2:18,Spectrum Center,
Fri Apr 10 2026,7:00p,Miami Heat,140,Washington Wizards,117,Box Score,,17946,2:09,Capital One Arena,
Fri Apr 10 2026,7:30p,New Orleans Pelicans,118,Boston Celtics,144,Box Score,,19156,2:08,TD Garden,
Fri Apr 10 2026,7:30p,Philadelphia 76ers,105,Indiana Pacers,94,Box Score,,17274,2:05,Gainbridge Fieldhouse,
Fri Apr 10 2026,7:30p,Toronto Raptors,95,New York Knicks,112,Box Score,,19812,2:12,Madison Square Garden (IV),
Fri Apr 10 2026,8:00p,Orlando Magic,127,Chicago Bulls,103,Box Score,,21522,2:08,United Center,
Fri Apr 10 2026,8:00p,Brooklyn Nets,108,Milwaukee Bucks,125,Box Score,,17379,2:02,Fiserv Forum,
Fri Apr 10 2026,8:00p,Dallas Mavericks,120,San Antonio Spurs,139,Box Score,,18681,2:04,Frost Bank Center,
Fri Apr 10 2026,9:00p,Oklahoma City Thunder,107,Denver Nuggets,127,Box Score,,20014,2:00,Ball Arena,
Fri Apr 10 2026,9:30p,Minnesota Timberwolves,136,Houston Rockets,132,Box Score,,18113,2:23,Toyota Center,
Fri Apr 10 2026,9:30p,Memphis Grizzlies,101,Utah Jazz,147,Box Score,,18186,1:51,Delta Center,
Fri Apr 10 2026,10:00p,Los Angeles Clippers,97,Portland Trail Blazers,116,Box Score,,19490,2:16,Moda Center,
Fri Apr 10 2026,10:00p,Golden State Warriors,118,Sacramento Kings,124,Box Score,,18175,2:25,Golden 1 Center,
Fri Apr 10 2026,10:30p,Phoenix Suns,73,Los Angeles Lakers,101,Box Score,,18997,2:18,Crypto.com Arena,
Sun Apr 12 2026,6:00p,Orlando Magic,108,Boston Celtics,113,Box Score,,19156,2:33,TD Garden,
Sun Apr 12 2026,6:00p,Washington Wizards,117,Cleveland Cavaliers,130,Box Score,,19432,2:07,Rocket Arena,
Sun Apr 12 2026,6:00p,Detroit Pistons,133,Indiana Pacers,121,Box Score,,16840,2:14,Gainbridge Fieldhouse,
Sun Apr 12 2026,6:00p,Atlanta Hawks,117,Miami Heat,143,Box Score,,19962,2:01,Kaseya Center,
Sun Apr 12 2026,6:00p,Charlotte Hornets,110,New York Knicks,96,Box Score,,19812,2:05,Madison Square Garden (IV),
Sun Apr 12 2026,6:00p,Milwaukee Bucks,106,Philadelphia 76ers,126,Box Score,,19746,2:06,Xfinity Mobile Arena,
Sun Apr 12 2026,6:00p,Brooklyn Nets,101,Toronto Raptors,136,Box Score,,18778,2:13,Scotiabank Arena,
Sun Apr 12 2026,8:30p,Chicago Bulls,128,Dallas Mavericks,149,Box Score,,20232,2:07,American Airlines Center,
Sun Apr 12 2026,8:30p,Memphis Grizzlies,101,Houston Rockets,132,Box Score,,18055,2:01,Toyota Center,
Sun Apr 12 2026,8:30p,Golden State Warriors,110,Los Angeles Clippers,115,Box Score,,17927,2:15,Intuit Dome,
Sun Apr 12 2026,8:30p,Utah Jazz,107,Los Angeles Lakers,131,Box Score,,18791,2:08,Crypto.com Arena,
Sun Apr 12 2026,8:30p,New Orleans Pelicans,126,Minnesota Timberwolves,132,Box Score,,18978,2:25,Target Center,
Sun Apr 12 2026,8:30p,Phoenix Suns,135,Oklahoma City Thunder,103,Box Score,,18203,1:56,Paycom Center,
Sun Apr 12 2026,8:30p,Sacramento Kings,110,Portland Trail Blazers,122,Box Score,,19555,2:07,Moda Center,
Sun Apr 12 2026,8:30p,Denver Nuggets,128,San Antonio Spurs,118,Box Score,,19019,2:11,Frost Bank Center,
Tue Apr 14 2026,7:30p,Miami Heat,126,Charlotte Hornets,127,Box Score,OT,19698,2:41,Spectrum Center,Play-In Game
Tue Apr 14 2026,10:00p,Portland Trail Blazers,114,Phoenix Suns,110,Box Score,,17071,2:31,Mortgage Matchup Center,Play-In Game
Wed Apr 15 2026,7:30p,Orlando Magic,97,Philadelphia 76ers,109,Box Score,,19746,2:34,Xfinity Mobile Arena,Play-In Game
Wed Apr 15 2026,10:00p,Golden State Warriors,126,Los Angeles Clippers,121,Box Score,,17927,2:28,Intuit Dome,Play-In Game
Fri Apr 17 2026,7:30p,Charlotte Hornets,90,Orlando Magic,121,Box Score,,19005,2:42,Kia Center,Play-In Game
Fri Apr 17 2026,10:00p,Golden State Warriors,96,Phoenix Suns,111,Box Score,,17071,2:30,Mortgage Matchup Center,Play-In Game
Sat Apr 18 2026,1:00p,Toronto Raptors,113,Cleveland Cavaliers,126,Box Score,,19432,2:36,Rocket Arena,
Sat Apr 18 2026,3:30p,Minnesota Timberwolves,105,Denver Nuggets,116,Box Score,,19796,2:33,Ball Arena,
Sat Apr 18 2026,6:00p,Atlanta Hawks,102,New York Knicks,113,Box Score,,19812,2:32,Madison Square Garden (IV),
Sat Apr 18 2026,8:30p,Houston Rockets,98,Los Angeles Lakers,107,Box Score,,19057,2:31,Crypto.com Arena,
Sun Apr 19 2026,1:00p,Philadelphia 76ers,91,Boston Celtics,123,Box Score,,19156,2:24,TD Garden,
Sun Apr 19 2026,3:30p,Phoenix Suns,84,Oklahoma City Thunder,119,Box Score,,18203,2:21,Paycom Center,
Sun Apr 19 2026,6:30p,Orlando Magic,112,Detroit Pistons,101,Box Score,,20062,2:29,Little Caesars Arena,
Sun Apr 19 2026,9:00p,Portland Trail Blazers,98,San Antonio Spurs,111,Box Score,,19372,2:22,Frost Bank Center,
Mon Apr 20 2026,7:00p,Toronto Raptors,105,Cleveland Cavaliers,115,Box Score,,19432,2:24,Rocket Arena,
Mon Apr 20 2026,8:00p,Atlanta Hawks,107,New York Knicks,106,Box Score,,19812,2:36,Madison Square Garden (IV),
Mon Apr 20 2026,10:30p,Minnesota Timberwolves,119,Denver Nuggets,114,Box Score,,19692,2:36,Ball Arena,
Tue Apr 21 2026,7:00p,Philadelphia 76ers,111,Boston Celtics,97,Box Score,,19156,2:16,TD Garden,
Tue Apr 21 2026,8:00p,Portland Trail Blazers,106,San Antonio Spurs,103,Box Score,,19338,2:35,Frost Bank Center,
Tue Apr 21 2026,10:30p,Houston Rockets,94,Los Angeles Lakers,101,Box Score,,19057,2:29,Crypto.com Arena,
Wed Apr 22 2026,7:00p,Orlando Magic,83,Detroit Pistons,98,Box Score,,20062,2:35,Little Caesars Arena,
Wed Apr 22 2026,9:30p,Phoenix Suns,107,Oklahoma City Thunder,120,Box Score,,18203,,Paycom Center,
Thu Apr 23 2026,7:00p,New York Knicks,108,Atlanta Hawks,109,Box Score,,18452,2:35,State Farm Arena,
Thu Apr 23 2026,8:00p,Cleveland Cavaliers,104,Toronto Raptors,126,Box Score,,19800,2:24,Scotiabank Arena,
Thu Apr 23 2026,9:30p,Denver Nuggets,96,Minnesota Timberwolves,113,Box Score,,18978,2:24,Target Center,
Fri Apr 24 2026,7:00p,Boston Celtics,108,Philadelphia 76ers,100,Box Score,,19746,2:32,Xfinity Mobile Arena,
Fri Apr 24 2026,8:00p,Los Angeles Lakers,112,Houston Rockets,108,Box Score,OT,18055,2:52,Toyota Center,
Fri Apr 24 2026,10:30p,San Antonio Spurs,120,Portland Trail Blazers,108,Box Score,,20438,2:32,Moda Center,
Sat Apr 25 2026,1:00p,Detroit Pistons,105,Orlando Magic,113,Box Score,,18846,2:44,Kia Center,
Sat Apr 25 2026,3:30p,Oklahoma City Thunder,121,Phoenix Suns,109,Box Score,,17071,2:24,Mortgage Matchup Center,
Sat Apr 25 2026,6:00p,New York Knicks,114,Atlanta Hawks,98,Box Score,,18763,2:39,State Farm Arena,
Sat Apr 25 2026,8:30p,Denver Nuggets,96,Minnesota Timberwolves,112,Box Score,,18978,2:35,Target Center,
Sun Apr 26 2026,1:00p,Cleveland Cavaliers,89,Toronto Raptors,93,Box Score,,19800,2:41,Scotiabank Arena,
Sun Apr 26 2026,3:30p,San Antonio Spurs,114,Portland Trail Blazers,93,Box Score,,19717,2:29,Moda Center,
Sun Apr 26 2026,7:00p,Boston Celtics,128,Philadelphia 76ers,96,Box Score,,19746,2:25,Xfinity Mobile Arena,
Sun Apr 26 2026,9:30p,Los Angeles Lakers,96,Houston Rockets,115,Box Score,,18055,2:32,Toyota Center,
Mon Apr 27 2026,8:00p,Detroit Pistons,88,Orlando Magic,94,Box Score,,19040,2:50,Kia Center,
Mon Apr 27 2026,9:30p,Oklahoma City Thunder,131,Phoenix Suns,122,Box Score,,17071,2:31,Mortgage Matchup Center,
Mon Apr 27 2026,10:30p,Minnesota Timberwolves,113,Denver Nuggets,125,Box Score,,19907,2:28,Ball Arena,
Tue Apr 28 2026,7:00p,Philadelphia 76ers,113,Boston Celtics,97,Box Score,,19156,2:20,TD Garden,
Tue Apr 28 2026,8:00p,Atlanta Hawks,97,New York Knicks,126,Box Score,,19812,2:33,Madison Square Garden (IV),
Tue Apr 28 2026,9:30p,Portland Trail Blazers,95,San Antonio Spurs,114,Box Score,,19063,2:36,Frost Bank Center,
Wed Apr 29 2026,7:00p,Orlando Magic,109,Detroit Pistons,116,Box Score,,20062,2:33,Little Caesars Arena,
Wed Apr 29 2026,7:30p,Toronto Raptors,120,Cleveland Cavaliers,125,Box Score,,19432,2:35,Rocket Arena,
Wed Apr 29 2026,10:00p,Houston Rockets,99,Los Angeles Lakers,93,Box Score,,19057,2:29,Crypto.com Arena,
Thu Apr 30 2026,7:00p,New York Knicks,140,Atlanta Hawks,89,Box Score,,17685,2:30,State Farm Arena,
Thu Apr 30 2026,8:00p,Boston Celtics,93,Philadelphia 76ers,106,Box Score,,19746,2:17,Xfinity Mobile Arena,
Thu Apr 30 2026,9:30p,Denver Nuggets,98,Minnesota Timberwolves,110,Box Score,,18978,2:37,Target Center,
Fri May 1 2026,7:00p,Detroit Pistons,93,Orlando Magic,79,Box Score,,19205,2:29,Kia Center,
Fri May 1 2026,7:30p,Cleveland Cavaliers,110,Toronto Raptors,112,Box Score,OT,19919,2:48,Scotiabank Arena,
Fri May 1 2026,9:30p,Los Angeles Lakers,98,Houston Rockets,78,Box Score,,18055,2:25,Toyota Center,
Sat May 2 2026,7:30p,Philadelphia 76ers,109,Boston Celtics,100,Box Score,,19156,2:27,TD Garden,
Sun May 3 2026,3:30p,Orlando Magic,94,Detroit Pistons,116,Box Score,,20062,2:31,Little Caesars Arena,
Sun May 3 2026,7:30p,Toronto Raptors,102,Cleveland Cavaliers,114,Box Score,,19432,2:44,Rocket Arena,
Mon May 4 2026,8:00p,Philadelphia 76ers,98,New York Knicks,137,Box Score,,19812,2:34,Madison Square Garden (IV),
Mon May 4 2026,9:30p,Minnesota Timberwolves,104,San Antonio Spurs,102,Box Score,,18827,2:30,Frost Bank Center,
Tue May 5 2026,7:00p,Cleveland Cavaliers,101,Detroit Pistons,111,Box Score,,20062,2:25,Little Caesars Arena,
Tue May 5 2026,8:30p,Los Angeles Lakers,90,Oklahoma City Thunder,108,Box Score,,18203,2:23,Paycom Center,
Wed May 6 2026,7:00p,Philadelphia 76ers,102,New York Knicks,108,Box Score,,19812,2:38,Madison Square Garden (IV),
Wed May 6 2026,9:30p,Minnesota Timberwolves,95,San Antonio Spurs,133,Box Score,,19185,2:33,Frost Bank Center,
Thu May 7 2026,7:00p,Cleveland Cavaliers,97,Detroit Pistons,107,Box Score,,20062,2:30,Little Caesars Arena,
Thu May 7 2026,9:30p,Los Angeles Lakers,107,Oklahoma City Thunder,125,Box Score,,18203,2:33,Paycom Center,
Fri May 8 2026,7:00p,New York Knicks,108,Philadelphia 76ers,94,Box Score,,19746,2:35,Xfinity Mobile Arena,
Fri May 8 2026,9:30p,San Antonio Spurs,115,Minnesota Timberwolves,108,Box Score,,18978,2:42,Target Center,
Sat May 9 2026,3:00p,Detroit Pistons,109,Cleveland Cavaliers,116,Box Score,,19432,2:40,Rocket Arena,
Sat May 9 2026,8:30p,Oklahoma City Thunder,131,Los Angeles Lakers,108,Box Score,,19057,2:16,Crypto.com Arena,
Sun May 10 2026,3:30p,New York Knicks,144,Philadelphia 76ers,114,Box Score,,19746,2:30,Xfinity Mobile Arena,
Sun May 10 2026,7:30p,San Antonio Spurs,109,Minnesota Timberwolves,114,Box Score,,18978,2:37,Target Center,
Mon May 11 2026,8:00p,Detroit Pistons,103,Cleveland Cavaliers,112,Box Score,,19432,2:28,Rocket Arena,
Mon May 11 2026,10:30p,Oklahoma City Thunder,115,Los Angeles Lakers,110,Box Score,,19057,2:35,Crypto.com Arena,
Tue May 12 2026,8:00p,Minnesota Timberwolves,97,San Antonio Spurs,126,Box Score,,19345,2:28,Frost Bank Center,
Wed May 13 2026,8:00p,Cleveland Cavaliers,117,Detroit Pistons,113,Box Score,OT,20062,2:52,Little Caesars Arena,
Fri May 15 2026,7:00p,Detroit Pistons,115,Cleveland Cavaliers,94,Box Score,,19432,2:32,Rocket Arena,
Fri May 15 2026,9:30p,San Antonio Spurs,139,Minnesota Timberwolves,109,Box Score,,18978,2:27,Target Center,
Sun May 17 2026,8:00p,Cleveland Cavaliers,125,Detroit Pistons,94,Box Score,,20062,2:33,Little Caesars Arena,
Mon May 18 2026,8:30p,San Antonio Spurs,122,Oklahoma City Thunder,115,Box Score,2OT,18203,3:05,Paycom Center,
Tue May 19 2026,8:00p,Cleveland Cavaliers,104,New York Knicks,115,Box Score,OT,19812,2:46,Madison Square Garden (IV),
Wed May 20 2026,8:30p,San Antonio Spurs,113,Oklahoma City Thunder,122,Box Score,,18203,2:28,Paycom Center,
Thu May 21 2026,8:00p,Cleveland Cavaliers,93,New York Knicks,109,Box Score,,19812,2:27,Madison Square Garden (IV),
Fri May 22 2026,8:30p,Oklahoma City Thunder,123,San Antonio Spurs,108,Box Score,,19034,2:47,Frost Bank Center,
Sat May 23 2026,8:00p,New York Knicks,121,Cleveland Cavaliers,108,Box Score,,19432,2:32,Rocket Arena,
Sun May 24 2026,8:00p,Oklahoma City Thunder,82,San Antonio Spurs,103,Box Score,,19405,2:37,Frost Bank Center,
Mon May 25 2026,8:00p,New York Knicks,130,Cleveland Cavaliers,93,Box Score,,19432,2:18,Rocket Arena,
Tue May 26 2026,8:30p,San Antonio Spurs,114,Oklahoma City Thunder,127,Box Score,,18203,2:39,Paycom Center,
Thu May 28 2026,8:30p,Oklahoma City Thunder,91,San Antonio Spurs,118,Box Score,,19066,2:21,Frost Bank Center,
Sat May 30 2026,8:00p,San Antonio Spurs,111,Oklahoma City Thunder,103,Box Score,,18203,2:32,Paycom Center,
Wed Jun 3 2026,8:30p,New York Knicks,105,San Antonio Spurs,95,Box Score,,18835,2:30,Frost Bank Center,
Fri Jun 5 2026,8:30p,New York Knicks,105,San Antonio Spurs,104,Box Score,,19014,2:41,Frost Bank Center,
Mon Jun 8 2026,8:30p,San Antonio Spurs,115,New York Knicks,111,Box Score,,19812,2:46,Madison Square Garden (IV),
Wed Jun 10 2026,8:30p,San Antonio Spurs,106,New York Knicks,107,Box Score,,19812,2:51,Madison Square Garden (IV),
Sat Jun 13 2026,8:30p,New York Knicks,94,San Antonio Spurs,90,Box Score,,18984,2:46,Frost Bank Center,